codigo_matricula_colaborador;nome_colaborador;tipo_contrato_trabalho;codigo_cargo_colaborador;data_nascimento_colaborador;nome_cidade_colaborador;numero_cpf_colaborador;endereco_email_colaborador;data_admissao_colaborador
1;Anthony Gabriel Silva;PJ;GRC;21/03/1978;Pimenta de Oliveira;930.785.146-84;castrolevi@example.net;19/02/2024
2;Cauã Porto;PJ;PDO;14/06/1960;das Neves de Marques;192.754.630-34;xoliveira@example.org;15/05/2016
3;Helena Cavalcante;PJ;ADS;13/02/1986;Cunha;168.739.502-03;bento85@example.com;04/10/2012
4;Nathan Câmara;CLT;EDD;06/05/1979;Alves;935.417.682-82;sophia44@example.com;14/10/2015
5;Bella Garcia;PJ;EPC;24/09/1992;Aparecida de Aragão;582.079.361-77;fernandespedro-henrique@example.org;22/02/2010
6;Emilly Rodrigues;CLT;GRC;15/09/1980;Rezende;805.293.147-97;novaesluara@example.com;13/11/2021
7;Arthur Miguel Aparecida;CLT;EPD;10/06/1996;Nunes do Campo;260.389.457-92;kazevedo@example.org;15/07/2010
8;Bruno Casa Grande;PJ;ADS;06/05/1980;Macedo;549.318.072-32;yagoda-costa@example.org;30/01/2015
9;Pedro Henrique Leão;PJ;EST;31/10/1991;Gomes;154.703.829-23;vasconcelosdaniel@example.com;18/08/2017
10;Matteo Novais;CLT;AND;16/11/1978;Oliveira da Serra;248.603.195-24;lcarvalho@example.org;25/05/2013
11;Luigi Caldeira;CLT;CDD;12/10/1981;Correia;632.940.751-70;novaisagatha@example.org;23/02/2010
12;Luiz Miguel Brito;PJ;GRC;09/08/1984;da Mota da Mata;463.721.905-16;luanafernandes@example.com;27/05/2017
13;Bárbara Caldeira;CLT;DUX;15/12/1962;da Costa;054.789.163-66;carvalhoeloa@example.com;02/08/2024
14;Miguel da Costa;PJ;AGC;11/05/1994;da Mata de Jesus;509.378.216-59;hadassasilveira@example.org;22/04/2019
15;Alexia Marques;PJ;GRT;29/09/1975;Marques;245.978.036-29;valmeida@example.net;05/02/2021
16;Bruno da Mota;CLT;DUX;04/10/1991;Cavalcante;326.841.095-24;albuquerqueenrico@example.org;14/05/2018
17;Heloísa Dias;PJ;CCO;20/09/1976;Moraes da Praia;836.401.257-62;ana-sophia86@example.com;31/07/2015
18;Henry das Neves;CLT;GRC;26/07/1970;Rocha dos Dourados;632.180.975-68;da-rosaeloah@example.net;13/07/2010
19;Theo Castro;CLT;EPD;30/06/1996;Abreu de Campos;790.431.286-78;eda-mata@example.net;17/12/2010
20;Yan Melo;PJ;AQA;05/08/1973;Aragão;382.790.546-00;britoleo@example.com;02/02/2011
21;Vicente Aparecida;CLT;GRC;10/07/1980;Rios do Amparo;293.856.017-68;maria-claraaragao@example.com;29/08/2011
22;Noah Casa Grande;PJ;CCY;29/09/1987;Souza;764.285.391-28;anthony96@example.net;08/01/2016
23;Ravi Rios;PJ;CCO;19/10/1989;Novaes;351.692.874-37;scaldeira@example.net;17/04/2022
24;Ana Beatriz Duarte;CLT;CCY;14/06/1996;Rezende de Cavalcanti;018.523.476-35;dferreira@example.com;23/09/2019
25;Eloah Macedo;CLT;ADD;24/11/1982;Abreu das Pedras;857.239.061-86;luiz-fernando35@example.com;19/05/2022
26;Pedro Alves;CLT;AND;03/08/1968;da Mata do Sul;035.618.274-62;da-conceicaoarthur-miguel@example.com;16/03/2021
27;Aylla Dias;CLT;ANI;20/12/1966;Farias do Amparo;108.452.793-60;cavalcantiigor@example.com;28/12/2013
28;Ana Lívia Melo;CLT;EPC;29/10/1993;Costela;321.098.574-04;vda-luz@example.net;30/04/2019
29;Maria Eduarda Sales;PJ;EPD;27/07/1997;Almeida;367.904.125-06;lramos@example.org;06/04/2018
30;Sophia Viana;PJ;CDD;11/09/1972;Brito;436.589.271-19;da-motaluigi@example.com;21/08/2010
31;Asafe Pacheco;PJ;EST;09/01/1981;Montenegro do Oeste;498.702.613-96;lopesthomas@example.com;13/05/2010
32;Maria Isis Monteiro;PJ;ANF;28/10/1973;Marques;928.065.173-03;nogueiraryan@example.org;10/11/2020
33;Olivia Sá;PJ;DUX;09/05/1983;Campos;984.157.260-58;renansouza@example.net;06/12/2015
34;Júlia da Mota;PJ;SCM;31/01/1981;Almeida;029.468.153-15;santosthomas@example.net;02/09/2021
35;Ester Barros;CLT;ADS;18/07/1967;Marques de Goiás;365.280.971-86;andrecardoso@example.net;27/09/2021
36;Bruno Cunha;PJ;ANF;02/12/1996;Andrade;291.760.435-25;rezendejoao-lucas@example.com;11/07/2019
37;Arthur Miguel Cassiano;CLT;AND;22/09/1969;Cavalcanti;018.749.523-88;igor13@example.com;30/11/2012
38;Alícia Porto;PJ;CDD;22/02/1997;Andrade;918.745.230-88;rodrigo32@example.net;01/12/2015
39;Raul Silva;CLT;SCM;16/09/1967;Fogaça do Campo;470.839.561-20;hellenaalves@example.org;19/07/2011
40;João Lucas Nogueira;PJ;ADD;18/11/1971;Monteiro;028.593.467-83;leticiamartins@example.com;03/03/2014
41;Joaquim Caldeira;PJ;GRC;12/08/1986;da Rosa;654.813.297-19;maria-julia10@example.net;25/06/2024
42;Henrique Mendonça;PJ;ANF;27/03/1972;Moreira;521.684.970-01;isaacmonteiro@example.org;20/04/2018
43;Emanuel Abreu;CLT;ADS;27/03/1989;Vargas;309.627.548-38;joanamachado@example.org;20/08/2010
44;Isadora Pires;CLT;CDD;26/01/1989;Cavalcante;379.106.548-39;kevincardoso@example.org;01/02/2012
45;Camila Câmara;PJ;ANI;23/10/1985;Almeida;643.198.250-98;rda-luz@example.net;12/03/2021
46;Marina Jesus;CLT;AGC;20/08/1987;Vasconcelos;463.917.085-84;maite94@example.com;09/05/2019
47;Liz Nascimento;PJ;GRT;07/11/1995;Souza;450.168.372-44;da-rosacalebe@example.org;20/07/2016
48;Clara Borges;PJ;CDD;16/02/1963;Souza;024.893.617-40;otavio10@example.org;09/03/2010
49;Yuri Rios;PJ;AQA;19/02/1977;da Mota;890.527.413-79;luizaazevedo@example.net;05/05/2022
50;Maya das Neves;CLT;PDO;31/01/1970;Porto;712.643.805-26;rvasconcelos@example.com;28/07/2022
51;Julia da Paz;CLT;ADD;06/05/1995;Gomes;840.261.759-01;luana39@example.org;20/05/2020
52;Marcos Vinicius Caldeira;PJ;AQA;27/12/1963;Gomes;497.801.625-85;andregomes@example.net;02/08/2016
53;Nathan Peixoto;CLT;GRT;21/07/1975;Almeida;729.415.083-41;leandro55@example.com;02/12/2013
54;Letícia Mendonça;PJ;PDO;27/12/1988;Aragão da Mata;278.619.035-59;aliciapastor@example.org;15/11/2018
55;Pedro Lucas Marques;PJ;SCM;02/10/1975;Garcia de Farias;594.630.827-00;isabelly34@example.com;10/05/2022
56;Liam Fogaça;PJ;EST;06/01/1991;Viana do Galho;254.896.310-15;britovitor@example.com;20/09/2020
57;Vinícius Carvalho;PJ;AGC;25/11/1982;Carvalho de Camargo;681.732.059-30;felipealbuquerque@example.org;02/07/2021
58;Anthony Machado;CLT;ANI;03/01/1973;Barros;038.147.629-40;machadojoao-vitor@example.net;06/12/2011
59;Jade Lima;PJ;DUX;31/05/1991;Teixeira do Oeste;176.892.543-73;yagomendonca@example.com;18/04/2023
60;Stephany Cirino;PJ;AQA;30/10/1981;Costela do Oeste;675.321.980-30;carolinaaragao@example.com;28/04/2011
61;Heloisa das Neves;CLT;AND;14/10/1988;Carvalho Grande;264.785.031-35;caldeiramanuella@example.org;26/07/2016
62;Luiz Otávio Sales;CLT;CCY;31/08/1960;Rezende de Vargas;751.024.836-17;jfreitas@example.net;08/11/2019
63;Rafaela Novais;CLT;SCM;26/07/1990;Santos da Prata;269.310.785-77;ana-luizacasa-grande@example.org;02/09/2018
64;João Miguel Camargo;CLT;GRC;22/04/1974;Machado de Silveira;965.814.320-24;novaisenzo-gabriel@example.com;12/01/2018
65;Théo Carvalho;CLT;SCM;11/08/1986;Almeida;089.536.124-89;gael-henriquejesus@example.com;27/09/2014
66;Kevin Mendonça;CLT;GRC;06/09/1985;Barbosa de Minas;871.960.324-03;luanborges@example.net;01/06/2023
67;Apollo da Paz;PJ;EPC;23/04/1985;Sá das Flores;574.189.630-84;joao-guilhermecarvalho@example.org;04/03/2019
68;Isadora Andrade;PJ;ANI;15/05/1971;Melo;659.780.143-10;pmonteiro@example.org;26/09/2012
69;Leandro Garcia;CLT;EPC;09/08/1971;Lopes;817.409.523-32;cavalcantibreno@example.net;18/09/2021
70;Ísis Castro;PJ;CDD;10/04/1973;da Cunha;320.589.741-23;bleao@example.com;03/06/2022
71;Emanuelly Pereira;CLT;EPC;17/06/1966;da Conceição;376.248.109-13;matteo96@example.com;31/10/2012
72;Apollo da Luz;CLT;ADS;10/12/1969;Martins do Campo;948.326.107-40;nbrito@example.org;23/09/2015
73;João Felipe Novaes;CLT;ADS;03/07/1960;Pereira;516.420.983-70;luiz-miguelmendonca@example.net;23/04/2020
74;Luna Pires;PJ;EPC;22/10/1994;da Rosa;168.920.734-50;matteocamara@example.com;10/12/2018
75;Ísis da Mata;PJ;ANC;08/07/1971;Barbosa do Norte;618.352.974-55;mariaholiveira@example.com;30/10/2022
76;Francisco Almeida;CLT;EST;10/07/1985;Duarte;845.103.297-41;da-luzana-julia@example.com;21/10/2016
77;Laura Santos;PJ;ANI;18/05/1963;Abreu;416.285.073-90;felipeda-paz@example.org;23/06/2012
78;Manuela Brito;CLT;SCM;07/08/1978;Garcia;358.179.640-66;rezendeenzo@example.com;15/04/2014
79;Larissa Novaes;PJ;DUX;15/06/1982;Santos de Cassiano;597.238.046-38;borgesalice@example.org;21/04/2012
80;Lucas Gabriel Freitas;PJ;EPD;29/11/1981;Rios de Barbosa;247.189.635-91;xsilva@example.com;02/12/2023
81;Danilo Guerra;CLT;EST;31/08/1968;Rocha Alegre;143.679.205-34;auroracassiano@example.net;02/02/2019
82;Mariane Freitas;PJ;ANF;30/05/1987;da Mota de Barbosa;467.012.859-02;wda-conceicao@example.org;02/04/2014
83;Maria Eduarda da Rosa;PJ;EST;07/05/1968;Martins;316.098.427-31;cassianoluisa@example.com;23/06/2014
84;Maria Isis Moura;CLT;EPC;19/07/1990;Ramos de Goiás;167.524.398-00;camaraanna-liz@example.com;25/10/2020
85;Laís Borges;PJ;ANI;28/05/1983;Porto;803.659.417-00;kda-mota@example.com;29/07/2015
86;Arthur Miguel Nogueira;PJ;CCY;04/04/1965;Porto;056.183.294-33;vinicius78@example.net;28/12/2012
87;Bento Pacheco;PJ;EPC;18/08/1983;Martins;197.860.352-59;livia55@example.com;30/05/2023
88;Otto Abreu;PJ;ADS;16/08/1968;da Costa da Praia;970.834.256-47;renanaraujo@example.com;16/12/2012
89;Maysa Nogueira;CLT;DUX;19/11/1984;da Rosa;107.539.824-04;daniela55@example.com;26/10/2019
90;Enrico Mendes;PJ;ANF;24/11/1993;da Mota;573.094.128-50;anthonyaragao@example.net;26/03/2011
91;Augusto das Neves;PJ;EDD;08/03/1981;Campos do Sul;951.287.643-46;maria-clara90@example.net;08/09/2023
92;Helena Costela;PJ;DUX;30/07/1976;Costa Verde;925.714.086-58;fernandopacheco@example.net;30/10/2017
93;Luiz Otávio Porto;PJ;PDO;28/04/1988;da Mota da Mata;921.743.508-23;lucca67@example.net;20/02/2024
94;Emanuelly Freitas;CLT;EDD;25/11/1964;Pereira do Oeste;945.860.712-49;davi-miguelramos@example.net;24/07/2020
95;Maysa Moreira;PJ;GRC;09/07/1962;Camargo da Prata;649.305.281-51;vinicius20@example.com;01/01/2021
96;Arthur Gabriel Castro;CLT;AND;05/09/1969;Silva;501.843.672-71;vianabryan@example.net;04/10/2018
97;Vitor da Costa;PJ;ANI;17/09/1976;da Paz de Leão;180.462.753-44;ravy17@example.com;01/04/2020
98;Eloá Duarte;PJ;ANF;07/03/1963;Campos do Norte;576.840.213-62;iaragao@example.net;14/03/2011
99;Felipe Barros;PJ;AND;03/05/1961;Aragão;912.074.856-67;castrojuan@example.org;02/03/2022
100;Henrique Pastor;PJ;CCO;19/10/1998;Pires do Norte;186.950.372-40;melina87@example.net;03/07/2017
101;Mirella Mendes;CLT;EDD;02/03/1966;da Mota de Correia;061.842.539-05;nicole61@example.com;11/07/2018
102;Arthur Gabriel Silva;CLT;GRT;10/02/1970;Araújo Alegre;698.170.534-66;fernandeszoe@example.org;11/11/2012
103;Natália Pimenta;PJ;PDO;11/05/1968;Azevedo;983.210.564-15;faraujo@example.net;24/09/2015
104;Pietro Nunes;PJ;ANI;25/10/1995;Correia;165.873.204-90;kandrade@example.net;15/05/2017
105;Enzo Gabriel Câmara;CLT;GRC;13/06/1993;Monteiro de Minas;126.384.950-42;helena82@example.net;02/12/2015
106;Luiz Fernando Machado;CLT;ANI;24/07/1964;Abreu de Goiás;092.734.516-16;joao-gabriel18@example.net;03/12/2020
107;Thales Souza;PJ;PDO;06/07/1982;Andrade;457.639.108-93;ottonogueira@example.org;31/07/2011
108;Arthur Miguel Jesus;CLT;ANF;04/06/1984;Mendes da Mata;409.568.732-00;carvalhothomas@example.com;08/08/2017
109;Manuella Sampaio;PJ;ANF;12/05/1983;Pastor de Casa Grande;819.065.342-33;dabreu@example.com;01/08/2024
110;Manuella Dias;PJ;CCO;01/04/1976;Oliveira de Sá;816.429.037-87;qda-cruz@example.org;15/08/2018
111;Giovanna da Conceição;CLT;CCY;17/03/1971;Barros;398.210.647-87;enrico63@example.org;21/08/2013
112;Maria Cecília Novais;PJ;ANI;14/05/1979;Nunes do Galho;749.356.018-84;duartecarlos-eduardo@example.com;08/12/2022
113;Maria Fernanda Aragão;PJ;ADD;01/04/1975;Mendonça da Mata;165.832.470-62;gcardoso@example.org;03/06/2012
114;Otávio da Luz;CLT;GRT;27/09/1976;Aparecida;983.047.512-32;matteocasa-grande@example.org;06/12/2014
115;Vitória Novais;PJ;ANC;30/06/1990;Rocha;230.719.458-41;ferreiraanthony@example.net;19/09/2023
116;Natália da Conceição;CLT;CCY;03/01/1966;da Costa das Pedras;298.610.345-60;tsousa@example.com;03/12/2012
117;Isabel Brito;PJ;CDD;08/11/1980;Sales de Minas;354.089.612-06;ecaldeira@example.net;02/09/2012
118;Cecília Marques;CLT;CCY;06/03/1963;Fernandes;435.928.761-55;lorena12@example.org;06/03/2011
119;Maria Julia Aragão;PJ;ANF;30/03/1966;Aragão;873.416.295-09;olivia40@example.com;02/03/2013
120;Kaique Vieira;CLT;AQA;19/12/1982;Cassiano;758.904.632-92;lmendes@example.com;22/08/2024
121;Asafe Lima;CLT;EPC;14/08/1998;Leão;460.382.197-22;gomespietro@example.com;27/09/2011
122;João Felipe Silveira;CLT;SCM;05/11/1962;Silva;106.327.489-31;fda-paz@example.com;11/12/2017
123;Francisco Rezende;PJ;ANF;02/02/1960;Silva;453.907.826-74;alexia88@example.org;30/11/2017
124;Juliana da Cruz;PJ;ANC;26/06/1966;Santos da Praia;501.469.378-48;alexandremoreira@example.org;28/02/2010
125;Arthur Gabriel Pastor;PJ;ANC;04/09/1963;Azevedo;780.396.142-87;gabriela14@example.net;22/06/2024
126;Eloá Dias;PJ;GRC;27/01/1960;Sá;239.084.517-79;amanda43@example.net;10/09/2015
127;Josué Novais;CLT;AQA;19/01/1970;Alves Alegre;568.972.014-30;mda-conceicao@example.com;29/01/2023
128;Henrique Martins;CLT;CCO;20/06/1964;Sampaio;098.631.452-89;juliada-costa@example.com;14/10/2014
129;Milena Rocha;PJ;AGC;21/03/1972;Fernandes;984.327.015-05;qpereira@example.net;06/11/2020
130;Alícia Sá;CLT;ADD;16/10/1977;Almeida;269.035.847-65;fernandescaleb@example.org;03/11/2012
131;Maria Campos;PJ;DUX;14/04/1960;Gonçalves;563.701.942-80;rezendeotavio@example.org;16/11/2023
132;Pietro Teixeira;CLT;CDD;21/07/1984;Cavalcante;819.374.560-48;davi11@example.net;20/02/2010
133;Laís Novais;CLT;EDD;23/01/1991;Pires;586.723.904-74;vargasantonella@example.com;13/05/2014
134;Isadora Pires;CLT;SCM;21/02/1967;Andrade;421.685.097-94;mateusda-cunha@example.com;18/03/2016
135;Aylla Montenegro;CLT;GRC;12/02/1986;Souza dos Dourados;078.523.964-29;marceloteixeira@example.net;20/09/2022
136;Luiz Otávio Melo;PJ;PDO;24/11/1961;Siqueira da Mata;195.083.267-86;yasminpires@example.net;08/09/2014
137;Sophia Correia;PJ;EDD;04/09/1984;Brito;309.417.256-34;antonellasiqueira@example.org;04/10/2017
138;Bento Macedo;PJ;ADS;07/01/1978;Santos;706.284.395-47;nnovais@example.com;01/10/2011
139;Guilherme Azevedo;CLT;GRC;15/01/1973;Ferreira;182.390.645-15;wvasconcelos@example.org;12/01/2011
140;Enzo Gabriel da Conceição;CLT;SCM;28/03/1962;Porto;309.427.568-00;pintomaria-flor@example.org;23/09/2015
141;Maria Liz Teixeira;PJ;AND;05/02/1995;Almeida Verde;832.746.951-73;nogueiraantony@example.com;20/08/2014
142;Manuella Oliveira;CLT;ADS;09/05/1963;Araújo;253.968.140-98;ian41@example.net;05/07/2018
143;Valentina Santos;PJ;PDO;09/08/1995;Albuquerque;472.860.513-26;bruna88@example.org;23/11/2016
144;Cecília Marques;CLT;ADD;23/06/1995;Pastor;583.490.162-05;da-luzaugusto@example.org;27/04/2012
145;Anna Liz Pereira;CLT;DUX;05/07/1975;da Mata do Campo;187.034.692-04;joao-guilhermelima@example.net;25/09/2017
146;Clarice Pastor;CLT;SCM;24/03/1974;Martins;893.164.205-98;ana-luiza11@example.net;24/12/2012
147;Sofia Azevedo;PJ;EDD;22/03/1967;Oliveira de Goiás;294.036.758-29;marcelocaldeira@example.org;28/01/2019
148;Eduarda da Rocha;PJ;ANF;08/09/1991;Gomes;284.901.735-32;brenda94@example.com;25/12/2014
149;Clara Santos;PJ;SCM;19/03/1974;Santos dos Dourados;932.158.064-60;marcelomonteiro@example.com;26/11/2016
150;Nicole Fernandes;PJ;EPC;08/12/1983;da Costa de Gonçalves;274.093.568-47;aabreu@example.org;12/02/2018
151;Maria Isis Mendonça;PJ;AQA;10/03/1987;Castro;049.286.135-89;costaluiz-otavio@example.net;14/11/2010
152;Alexandre Carvalho;PJ;ANF;19/05/1971;Gonçalves de Nascimento;736.458.901-57;rodriguessofia@example.org;19/06/2024
153;Lorenzo Fogaça;CLT;AND;30/07/1983;Gonçalves;509.627.183-86;da-motaisadora@example.org;07/09/2011
154;Paulo Cassiano;PJ;CCY;15/01/1992;Rodrigues do Norte;369.802.715-12;casa-grandepedro@example.com;19/01/2019
155;Carolina Silveira;CLT;EPD;25/02/1967;da Rocha da Prata;061.389.275-59;wmartins@example.org;03/10/2022
156;Emanuella da Conceição;PJ;GRC;17/01/1984;da Rocha dos Dourados;906.175.284-11;lcosta@example.com;01/01/2022
157;André Cassiano;PJ;CCO;12/03/1996;Teixeira;307.254.698-38;souzaanna-liz@example.org;07/12/2013
158;Ravi Rios;CLT;EPC;04/03/1967;Silveira de Goiás;496.358.107-84;frodrigues@example.com;17/08/2014
159;Theo Souza;PJ;CCY;06/01/1995;Pacheco;270.349.651-61;beniciorocha@example.com;20/06/2014
160;Gabriela Marques;PJ;AGC;09/02/1975;Cavalcanti;974.205.361-80;bferreira@example.com;03/02/2016
161;Ravy da Mata;PJ;ANI;23/01/1991;Cirino do Sul;104.398.625-15;pedroda-costa@example.org;16/04/2017
162;Henry Gabriel Pinto;PJ;AQA;02/07/1966;Caldeira;320.491.786-03;matheuspires@example.org;12/02/2017
163;Ísis Ferreira;PJ;GRC;14/08/1998;Peixoto Alegre;467.382.510-17;silveiraluigi@example.org;25/07/2023
164;Joaquim Mendonça;CLT;AND;02/03/1978;Ramos da Prata;498.751.230-05;tnunes@example.org;30/04/2014
165;Ana Vitória Moreira;PJ;EPD;07/05/1991;Moraes do Amparo;503.491.876-57;davi-luiz05@example.com;13/01/2012
166;Felipe Vasconcelos;PJ;CCO;02/03/1966;Câmara;048.795.361-48;zalbuquerque@example.net;31/03/2021
167;Sophie Caldeira;CLT;ADS;16/10/1990;Costa;193.864.572-37;thiago15@example.org;14/01/2015
168;Antony Mendonça;CLT;CDD;31/10/1974;Câmara;016.742.859-49;macedoarthur-gabriel@example.com;15/01/2012
169;Cauã Aparecida;PJ;GRC;01/12/1993;Caldeira;794.156.280-49;larasilva@example.com;22/02/2011
170;Ana Sophia Camargo;CLT;ADS;10/07/1984;Caldeira;982.174.035-97;maria-luisaribeiro@example.net;02/12/2011
171;Isabela Abreu;PJ;ADS;27/01/1999;Pacheco;086.273.495-92;dalbuquerque@example.com;22/08/2014
172;Brayan Costela;PJ;AND;17/06/1968;Cirino do Sul;054.983.217-32;marcelo34@example.com;04/07/2018
173;Sabrina Aragão;PJ;EPD;04/01/1970;Castro;751.632.089-77;wpires@example.com;22/08/2014
174;Ana Carolina Gonçalves;PJ;CCY;20/10/1976;Guerra;076.825.134-62;emanuel19@example.com;28/01/2021
175;Gabriela Pastor;CLT;SCM;08/10/1989;Azevedo da Praia;370.586.219-77;novaesana-clara@example.net;18/02/2022
176;Gael Nogueira;PJ;ADS;28/04/1999;Silva Grande;067.458.123-71;maria-sophiasousa@example.net;01/07/2023
177;Heitor Monteiro;CLT;GRC;19/06/1976;da Cunha Alegre;043.175.692-99;rebeca20@example.com;04/10/2010
178;Maria Fernanda Nascimento;CLT;EPC;26/08/1962;Sousa;920.731.846-69;luiz-otavioda-costa@example.net;10/05/2022
179;Julia Aparecida;CLT;CCY;13/10/1993;da Cunha;163.890.524-05;nmendonca@example.org;29/01/2019
180;Ana Cecília Ribeiro;CLT;EPC;15/06/1989;da Luz;695.078.432-56;luiz-miguel82@example.com;18/11/2017
181;Isabel da Conceição;PJ;GRC;14/04/1961;Albuquerque do Campo;520.648.973-56;raelsilveira@example.org;03/08/2022
182;Gustavo Alves;CLT;AND;28/02/1967;Dias;549.780.261-30;isantos@example.com;27/11/2018
183;Théo Moraes;PJ;AND;29/11/1982;Moraes de Pastor;354.109.768-00;vasconcelosana-livia@example.com;30/03/2016
184;Gael Henrique Sousa;CLT;PDO;06/07/1990;Sá Verde;149.263.058-60;bellavargas@example.com;05/11/2021
185;Giovanna da Conceição;CLT;CCO;24/10/1991;Moraes do Sul;250.718.463-90;rafaela05@example.com;15/08/2023
186;Nina Novais;CLT;CCO;26/01/1978;Machado do Amparo;379.642.851-73;da-luzmarcela@example.org;09/11/2016
187;Apollo Cassiano;PJ;AQA;19/09/1990;Correia da Serra;034.756.289-29;ada-mota@example.org;17/07/2012
188;Luigi Gonçalves;CLT;ANF;19/12/1985;Leão;805.416.239-15;joaquim62@example.com;28/02/2024
189;Melina Barbosa;CLT;ANC;23/04/1999;Oliveira;274.956.380-10;mpereira@example.com;27/12/2015
190;Isabelly da Cruz;CLT;EPD;14/05/1975;Freitas;613.049.825-05;mariada-rosa@example.net;04/05/2022
191;Luiz Felipe Sousa;CLT;ANF;28/09/1987;Dias;913.782.506-21;jesuslorenzo@example.net;23/01/2011
192;Ana Beatriz Aparecida;PJ;ANI;11/01/1965;Pereira;698.120.473-87;rodriguestheodoro@example.com;12/12/2014
193;Thales Machado;CLT;AGC;18/02/1974;Novais;463.507.812-44;esterfernandes@example.net;21/11/2013
194;Otto Pereira;CLT;CDD;05/04/1984;Mendes da Praia;094.758.216-94;marquesleticia@example.net;13/08/2014
195;Kamilly Duarte;PJ;CCY;02/10/1962;da Luz do Sul;278.514.603-44;lavinianogueira@example.com;05/10/2011
196;Vitor Hugo Lopes;PJ;SCM;05/05/1998;Almeida da Serra;465.098.372-00;leticiarezende@example.com;30/01/2018
197;Ravi Lucca Andrade;PJ;AND;17/04/1969;Almeida do Galho;132.579.468-64;camposmaria-alice@example.org;25/01/2014
198;Maitê Caldeira;PJ;ANC;27/04/1978;da Luz;826.341.905-06;cecilia22@example.com;06/01/2016
199;Renan Alves;PJ;AND;28/09/1984;Gomes;538.092.764-56;andre61@example.net;06/12/2013
200;Pietro Nascimento;PJ;DUX;20/03/1979;Porto de Lima;051.497.382-04;emanuella24@example.com;24/07/2012
201;Bianca Cardoso;PJ;AQA;09/10/1975;Câmara do Sul;670.592.843-38;beatriz83@example.org;17/02/2011
202;Davi Miguel Almeida;CLT;DUX;08/09/1977;Teixeira;059.831.246-33;heloisa26@example.com;26/05/2020
203;Letícia da Costa;CLT;ADD;10/06/1972;Albuquerque;147.306.852-53;rafaelpeixoto@example.net;16/09/2013
204;Júlia Silveira;CLT;ADD;15/05/1992;Nogueira do Galho;182.350.794-88;kpires@example.org;22/06/2010
205;Lívia Nascimento;CLT;DUX;29/08/1964;da Mota de Minas;852.673.901-86;bgarcia@example.com;05/09/2017
206;Eloá Ribeiro;CLT;AGC;24/04/1999;Campos;658.390.247-83;nogueiraisabella@example.net;16/11/2011
207;Kevin Peixoto;CLT;EPD;16/10/1978;Nogueira;489.071.623-87;nathanbarbosa@example.org;27/09/2013
208;Sabrina Fonseca;PJ;ANF;29/08/1967;Novais;534.287.691-55;ravi70@example.com;14/08/2011
209;Vinícius Pimenta;PJ;CCY;10/03/1997;Sampaio;387.509.641-00;palbuquerque@example.net;25/08/2019
210;Yago Correia;CLT;CCY;04/12/1979;Aragão;310.892.746-96;caleb56@example.com;11/10/2023
211;Gael Henrique Farias;CLT;SCM;01/12/1983;Pacheco;059.274.183-41;juliada-mata@example.com;10/09/2018
212;Renan Aparecida;PJ;EST;01/05/1999;Santos;983.670.512-03;theodoro66@example.net;27/10/2017
213;Marcelo Garcia;PJ;CCO;26/09/1996;Ferreira dos Dourados;134.068.725-90;ada-cunha@example.com;19/01/2014
214;Mariane Ribeiro;PJ;EST;25/04/1996;Farias das Pedras;679.480.152-30;da-cruzluna@example.com;03/06/2012
215;Manuela Duarte;CLT;AQA;02/01/1996;Camargo do Amparo;047.385.216-08;correiaerick@example.com;07/08/2015
216;Clarice Câmara;CLT;ADS;10/01/1973;Rocha;583.724.061-62;luanaporto@example.net;29/08/2019
217;Vitor Hugo da Mata;PJ;ANF;26/07/1966;Campos;310.472.896-87;uramos@example.org;01/07/2018
218;Sara Cardoso;PJ;AQA;26/04/1974;Nascimento da Serra;987.215.604-20;da-pazantony@example.com;23/11/2019
219;Leandro da Mata;CLT;AGC;02/03/1983;Cardoso do Sul;697.814.520-30;vinicius29@example.net;09/04/2017
220;Heloisa Aparecida;CLT;PDO;16/03/1977;Peixoto;972.065.148-20;montenegromilena@example.org;10/07/2023
221;Lívia Garcia;PJ;EPC;01/02/1978;Cavalcante;214.398.705-60;julianagarcia@example.com;06/01/2011
222;Apollo Sousa;CLT;ADS;20/11/1964;Nunes do Amparo;847.526.093-47;isabelly35@example.org;16/09/2021
223;Fernando Nogueira;CLT;CCO;19/09/1998;Porto;748.261.590-30;ana-ceciliada-conceicao@example.org;10/10/2014
224;Bruna Pires;PJ;EST;20/06/1968;Viana;324.975.601-61;borgesarthur-miguel@example.net;10/10/2016
225;João Miguel Dias;CLT;EDD;01/02/1973;Cunha;206.541.897-49;maria-florlima@example.org;30/08/2012
226;Yasmin Novaes;CLT;CCO;22/03/1975;Rios;172.640.589-30;bernardo87@example.net;14/09/2020
227;Felipe Rezende;PJ;CDD;17/01/1982;Cassiano de da Costa;145.982.670-11;nataliaporto@example.org;08/03/2016
228;Mariana Caldeira;PJ;ADD;07/10/1961;Farias;738.650.924-38;cborges@example.net;09/11/2012
229;Letícia Gonçalves;PJ;PDO;16/09/1999;Rezende de Andrade;480.531.269-60;qleao@example.net;30/11/2019
230;Isaque Dias;CLT;EDD;03/05/1987;Monteiro de Minas;679.021.534-43;maria-luiza18@example.org;13/10/2011
231;Fernanda Azevedo;PJ;EPD;08/03/1993;Caldeira;016.492.538-42;nicolas96@example.org;18/01/2019
232;Lucca Carvalho;CLT;ANC;05/03/1983;Vasconcelos;867.943.012-96;enzo-gabriel23@example.net;28/10/2021
233;Ayla Rodrigues;PJ;ADD;05/01/1985;Abreu Alegre;980.146.532-89;viniciusda-conceicao@example.com;02/08/2017
234;Luiz Fernando Vasconcelos;CLT;EPD;23/07/1973;Viana de Goiás;197.245.836-19;kdas-neves@example.net;20/07/2013
235;Noah Fogaça;PJ;CDD;14/12/1969;Abreu;691.203.845-05;joao-felipepereira@example.org;14/03/2011
236;Isaque Ribeiro;CLT;EST;06/03/1989;Rocha de Câmara;702.639.841-50;joao-miguel66@example.net;24/01/2018
237;Vitor Hugo Sousa;CLT;ANF;18/04/1968;da Mota da Serra;026.453.879-00;moraesbarbara@example.com;21/07/2011
238;Rael Brito;CLT;SCM;26/11/1987;Carvalho do Norte;840.926.135-98;marcelacasa-grande@example.org;02/09/2020
239;Elisa Pinto;CLT;EDD;28/12/1988;Guerra;312.407.965-52;gabrielly30@example.net;17/07/2018
240;Isabella Rezende;CLT;ADD;26/03/1971;Cavalcante;817.056.293-77;eduardavargas@example.net;15/01/2019
241;Eduarda da Costa;PJ;ANF;23/08/1985;Duarte da Mata;869.147.230-87;yago00@example.org;12/11/2013
242;Elisa Mendonça;CLT;CCY;23/11/1985;Sampaio;973.608.124-96;nathanpires@example.org;21/10/2012
243;João Gabriel Moreira;CLT;ANI;21/09/1961;Gomes do Oeste;076.853.942-00;amontenegro@example.org;12/08/2013
244;Isis Vargas;PJ;AND;25/09/1980;Almeida;731.259.684-37;portoallana@example.org;10/03/2011
245;Antonella Montenegro;CLT;ADD;16/03/1985;Albuquerque;924.305.867-38;wda-costa@example.com;03/10/2014
246;Daniela Sampaio;PJ;AQA;16/04/1960;Cirino;561.908.427-20;camaraheloisa@example.com;03/04/2010
247;Igor Sá;PJ;CCO;27/08/1961;Viana Grande;629.804.173-78;melinamontenegro@example.net;18/06/2022
248;Isaac Pacheco;CLT;CDD;15/02/1976;Fogaça do Oeste;467.035.918-57;calebecosta@example.com;09/06/2024
249;Luna Leão;PJ;CCO;10/03/1988;Novais;895.021.367-21;marinada-mota@example.com;19/10/2015
250;Juliana Vargas;PJ;ANC;25/10/1976;Costela;635.981.207-02;wcasa-grande@example.com;22/05/2013
251;Lavínia da Luz;CLT;ANI;14/12/1963;Sousa;129.586.034-15;marcela39@example.com;17/03/2016
252;Bianca Azevedo;PJ;SCM;18/09/1995;Pires;543.809.621-05;henrique77@example.net;28/05/2016
253;Yago Guerra;CLT;GRC;07/02/1989;da Cruz;904.216.873-04;yago75@example.net;12/11/2014
254;Zoe Alves;CLT;ANI;06/01/1973;Viana das Pedras;805.463.172-35;theo46@example.com;23/02/2020
255;Maria Sophia Moraes;CLT;CDD;27/12/1996;Mendes Alegre;572.460.813-80;olivercunha@example.net;27/02/2018
256;Amanda Marques;PJ;ADD;30/09/1960;Freitas das Pedras;419.820.537-04;miguelda-rosa@example.com;19/07/2024
257;Vicente Silveira;PJ;ANF;04/03/1987;Freitas;109.278.563-95;calmeida@example.com;22/12/2020
258;Apollo Aragão;PJ;DUX;05/10/1970;Macedo do Galho;613.940.257-34;emachado@example.org;11/10/2018
259;Théo Vieira;CLT;AQA;09/11/1978;da Luz de Leão;829.534.107-32;pirespietro@example.com;26/06/2014
260;João Pedro Montenegro;PJ;EPC;18/01/1968;Cassiano;453.079.126-25;heloisa61@example.com;19/09/2017
261;Manuela Cirino;CLT;AGC;19/12/1962;Cavalcante;973.258.146-82;macedoana-livia@example.net;03/02/2016
262;Maria Helena Correia;PJ;ADS;14/03/1999;Andrade;796.810.542-02;mouramarina@example.com;05/07/2018
263;Ester Fonseca;CLT;EPD;17/12/1977;Borges do Norte;142.957.308-23;zaparecida@example.com;27/05/2013
264;Luiz Miguel Castro;CLT;ADS;06/09/1962;Pacheco Grande;203.169.574-61;samuel68@example.org;04/05/2013
265;Enzo Gabriel Pimenta;CLT;DUX;07/01/1985;Nogueira de Almeida;719.354.608-20;novaesmarcela@example.org;28/05/2022
266;Juliana Camargo;PJ;ANI;05/12/1994;Castro;160.893.524-89;maria78@example.net;20/09/2019
267;Laís Cirino;PJ;ANC;17/02/1979;Duarte do Norte;203.458.719-79;antonymendonca@example.org;29/03/2023
268;Lavínia Aragão;PJ;ANF;12/10/1961;Rodrigues de Pereira;821.093.764-22;pietra48@example.net;19/03/2014
269;Stephany Costa;PJ;CDD;15/05/1989;Montenegro;745.238.910-79;hferreira@example.com;27/01/2018
270;Thiago Teixeira;CLT;CCY;17/09/1987;da Conceição;681.435.792-55;oliveiraemanuella@example.com;08/02/2018
271;Valentina da Conceição;CLT;GRC;10/09/1982;Siqueira;360.912.587-02;limajoao-lucas@example.org;19/07/2016
272;Lívia Abreu;CLT;EDD;06/04/1996;Lopes Grande;243.860.157-44;omartins@example.org;18/12/2018
273;Maria Júlia Ferreira;PJ;CDD;10/10/1960;Gomes;493.726.810-40;yasminferreira@example.com;21/03/2016
274;Enzo Leão;PJ;DUX;18/06/1983;Cardoso de Porto;976.513.428-28;dante03@example.com;29/11/2014
275;Lara das Neves;CLT;EDD;18/01/1992;Fogaça Alegre;824.791.630-40;msales@example.org;16/05/2012
276;Beatriz Lima;CLT;AND;26/04/1995;Cardoso de Goiás;863.270.519-95;manuellada-conceicao@example.net;20/05/2018
277;Heloisa Casa Grande;PJ;EDD;27/09/1976;Ribeiro;430.516.297-07;emilly16@example.net;02/06/2010
278;Cauã Pimenta;CLT;AGC;05/01/1976;da Mota da Mata;634.572.098-47;bduarte@example.com;04/08/2018
279;Liz Correia;CLT;DUX;01/08/1964;Mendes;274.513.096-06;da-costapedro-miguel@example.net;11/05/2014
280;Arthur Cassiano;CLT;ADD;15/03/1992;Casa Grande;697.041.325-06;wrodrigues@example.org;24/10/2021
281;Pietro Alves;CLT;DUX;14/06/1980;Pacheco das Pedras;607.915.843-48;wbrito@example.net;25/03/2019
282;Alana Mendonça;PJ;ANF;30/09/1971;Campos;381.605.274-62;marquesraquel@example.net;29/08/2014
283;Davi Luiz da Mota;CLT;AGC;19/09/1972;da Cunha de Minas;408.615.723-35;laurapires@example.net;02/10/2014
284;Oliver Aparecida;PJ;SCM;18/12/1961;da Rosa;918.753.206-95;costabreno@example.net;16/03/2023
285;Luna da Rocha;PJ;DUX;18/02/1999;Novais de das Neves;179.843.256-00;viniciuscamara@example.net;21/03/2017
286;Ravi Lucca Pires;PJ;EPD;05/01/1960;Marques do Amparo;672.458.109-58;maite39@example.net;15/03/2010
287;Luiz Otávio Campos;PJ;ANI;27/09/1994;Cassiano;028.573.614-08;sousarafaela@example.com;05/09/2022
288;Luan Ribeiro;PJ;CCY;15/12/1995;Rocha da Praia;652.097.314-99;da-mataeduarda@example.com;01/03/2015
289;Maria Liz Silva;PJ;ANC;28/09/1969;Barbosa do Oeste;423.105.698-60;isabelly03@example.com;08/06/2014
290;Mateus Azevedo;PJ;AGC;04/02/1999;Mendonça;478.239.156-00;cnovaes@example.net;09/05/2017
291;Caio da Rosa;PJ;PDO;25/05/1981;Guerra do Sul;518.724.039-05;britomanuela@example.com;05/02/2012
292;Maya Pinto;CLT;AQA;21/09/1970;Ramos de Fogaça;862.307.915-95;ununes@example.com;02/05/2020
293;Josué Vargas;CLT;EST;06/06/1966;Guerra Grande;693.178.205-30;marianenovais@example.org;09/06/2017
294;Ana Cecília Pires;PJ;AND;10/08/1993;Moura;630.921.857-30;rrezende@example.net;03/12/2023
295;Sophie Novaes;CLT;EST;04/12/1970;Carvalho;502.961.874-02;nsilva@example.org;09/07/2017
296;Helena Moura;CLT;CCY;06/03/1969;Borges;640.198.732-40;diogo30@example.com;08/04/2014
297;Ana Beatriz Dias;CLT;AQA;24/10/1977;Nascimento;829.570.614-49;mariahjesus@example.org;16/08/2014
298;Benicio Vieira;CLT;DUX;04/03/1998;Rezende;518.364.027-08;brayan75@example.com;24/03/2016
299;Alexandre da Mata;CLT;GRC;21/07/1970;Pereira de Porto;517.809.324-05;sousaryan@example.com;13/10/2012
300;Mariana Oliveira;CLT;DUX;14/03/1978;Macedo de Campos;370.518.296-02;qmoura@example.org;11/02/2021
301;Maria Flor Carvalho;PJ;AQA;30/03/1966;Silveira do Campo;567.439.821-64;emoreira@example.org;05/06/2013
302;Sara Garcia;PJ;CCO;05/02/1971;Siqueira;493.712.685-73;levi56@example.com;12/04/2014
303;Maria Clara Ramos;PJ;EST;01/02/1969;Casa Grande do Norte;408.139.726-04;caroline05@example.com;15/07/2023
304;Ian Ribeiro;PJ;ANI;06/11/1978;Ferreira;760.543.982-29;mouraraquel@example.org;15/11/2013
305;Lorena Sá;CLT;EDD;25/11/1981;da Paz Verde;520.386.794-10;costabento@example.org;17/10/2015
306;Isabel Pinto;CLT;ADS;14/02/1993;Guerra de Aragão;764.918.250-94;luizacardoso@example.org;24/11/2021
307;André Abreu;PJ;ANI;25/02/1977;Jesus do Oeste;567.190.284-30;luiz-fernandopires@example.com;26/06/2021
308;Luiz Felipe Machado;PJ;CCO;17/08/1969;da Rocha;697.302.514-52;hsousa@example.net;18/08/2018
309;Ana Carolina Caldeira;CLT;EDD;18/01/1988;Rezende do Norte;428.561.703-07;casa-grandebenicio@example.org;23/05/2023
310;Isabella Pimenta;CLT;CCO;02/06/1962;Vargas;409.715.368-48;asafe70@example.org;01/10/2021
311;Alice Andrade;CLT;AGC;10/10/1997;da Rocha da Serra;205.341.869-98;joao-felipearaujo@example.org;01/05/2012
312;Sofia Casa Grande;PJ;CCO;27/03/1987;da Rosa;375.648.201-44;fernandesana-carolina@example.org;17/05/2024
313;Arthur Correia;PJ;ADD;05/02/1993;Caldeira do Oeste;417.829.035-50;silvahenry@example.com;03/04/2023
314;Antony da Cruz;CLT;SCM;27/04/1967;da Rosa;263.910.458-60;ana-juliada-cruz@example.net;23/05/2020
315;Aurora Sá;PJ;AND;21/10/1991;Fonseca;407.561.932-06;ian27@example.org;07/05/2010
316;Alexia Aparecida;PJ;EDD;27/12/1982;da Cunha;384.657.291-82;maria-fernanda41@example.net;29/11/2021
317;Enrico Câmara;CLT;ADS;13/01/1960;Camargo Verde;059.486.123-33;henry-gabriel21@example.org;21/08/2011
318;Ana Luiza da Mata;PJ;PDO;14/05/1992;Lima;190.352.478-41;xbrito@example.net;23/06/2019
319;Milena Cunha;PJ;ANC;09/02/1988;Câmara;328.751.604-35;ana-beatriznovais@example.net;22/06/2021
320;Rodrigo da Mota;CLT;EPC;12/02/1979;Sá;506.197.248-11;rnunes@example.org;01/10/2022
321;André Aragão;PJ;CDD;23/01/1960;Souza de Goiás;139.805.742-88;gfernandes@example.com;25/07/2016
322;Arthur Almeida;PJ;EPD;01/12/1978;Nogueira do Norte;105.238.764-08;xsousa@example.net;30/06/2022
323;Maria Pinto;CLT;PDO;10/09/1978;Oliveira;298.057.634-47;cavalcantilunna@example.org;24/03/2018
324;Pedro da Costa;CLT;EPC;23/01/1974;Teixeira;261.953.784-37;liammontenegro@example.net;27/12/2017
325;Ana Beatriz Jesus;PJ;ANI;18/02/1988;Macedo;673.149.028-87;alvesyago@example.net;09/07/2016
326;Bianca Pires;CLT;DUX;20/02/1967;Barros do Amparo;246.915.703-06;joana48@example.net;23/06/2010
327;Joana Silva;PJ;PDO;06/04/1985;Farias Verde;382.169.405-05;pimentaclarice@example.net;14/04/2022
328;Eloá da Mota;CLT;EPC;16/10/1994;Albuquerque;368.254.079-29;eloah64@example.com;28/04/2020
329;Fernando da Costa;PJ;ANI;22/12/1968;das Neves do Norte;678.953.402-47;lcirino@example.net;12/08/2011
330;Hadassa Ribeiro;CLT;ANI;15/08/1997;Duarte;531.984.620-70;ubarbosa@example.org;14/11/2010
331;Dante Cirino;PJ;AQA;23/09/1972;Carvalho Paulista;958.124.360-70;cavalcantibrayan@example.com;28/05/2017
332;Ravi Cassiano;PJ;EPC;17/02/1965;Albuquerque;143.802.956-05;nicoleda-mata@example.com;30/12/2014
333;Eduarda Araújo;CLT;AND;04/01/1961;Ferreira;018.425.763-80;eloahjesus@example.com;13/03/2016
334;Lara Siqueira;CLT;SCM;18/05/1982;Mendes;814.926.507-49;diasmurilo@example.net;02/04/2013
335;Julia Alves;PJ;EPC;04/06/1966;da Rocha de Minas;638.921.740-40;gporto@example.net;27/12/2018
336;Ana Rezende;CLT;CDD;15/07/1996;da Mata;324.508.967-83;andradejoana@example.org;15/08/2022
337;Erick das Neves;CLT;SCM;07/03/1970;Macedo;945.108.736-20;macedolara@example.net;16/11/2010
338;Maria Alice Costela;CLT;ANF;29/05/1970;da Costa;019.374.582-88;mathias06@example.net;03/02/2017
339;Lara Freitas;CLT;DUX;14/09/1976;Cardoso;217.893.450-14;laura67@example.org;04/06/2018
340;Yago Campos;PJ;ANF;15/11/1986;Machado de da Mota;283.405.691-98;luiz-henriquecasa-grande@example.com;30/01/2016
341;Igor Silva;PJ;GRC;17/04/1967;Mendonça;728.693.504-65;vmendes@example.net;10/02/2024
342;Aylla Moura;PJ;CCO;28/03/1987;Nogueira;325.681.790-40;ana-cecilia94@example.com;16/07/2020
343;Luara Campos;PJ;AGC;22/01/1989;Cardoso;219.485.670-67;raquelcamargo@example.com;09/04/2019
344;Maya Lopes;CLT;AND;20/12/1976;Mendes de Minas;940.765.132-07;eloalima@example.com;21/02/2016
345;Gabriela Camargo;CLT;CDD;21/01/1963;Moraes;148.570.293-32;rodrigoviana@example.com;17/06/2015
346;Kaique Aparecida;CLT;DUX;15/12/1969;Silveira;069.571.483-00;hsiqueira@example.net;21/01/2019
347;Eloah Vasconcelos;CLT;CCY;01/08/1961;Araújo das Flores;804.231.975-41;abreuemanuella@example.net;18/01/2015
348;Aylla Pires;PJ;ADS;10/11/1968;Souza de Sampaio;704.352.691-43;gmendonca@example.org;26/07/2018
349;Yuri Ramos;CLT;DUX;13/01/1967;Azevedo;810.463.952-89;souzamarcelo@example.com;26/04/2016
350;Dom Lima;CLT;ANI;26/01/1970;da Rosa de Goiás;463.025.879-56;juansilveira@example.com;04/07/2024
351;Henrique Rios;PJ;AGC;02/09/1992;Macedo de Goiás;371.204.586-71;gabriellypinto@example.net;22/04/2020
352;Liam Correia;CLT;ANI;02/03/1972;Castro;359.486.072-83;rpeixoto@example.com;11/07/2016
353;Isaac Sousa;CLT;AGC;05/03/1998;Barros;042.189.756-20;jsousa@example.org;04/05/2013
354;Gustavo Henrique Azevedo;CLT;ANC;06/04/1986;Sá do Galho;534.260.198-33;ravi-luccaazevedo@example.org;05/03/2023
355;Maria Luísa Pinto;CLT;PDO;29/07/1973;da Mata de Cunha;253.861.407-44;eloa52@example.net;17/09/2022
356;Davi Miguel Nascimento;CLT;EPC;20/11/1977;Pastor de Borges;781.925.063-12;mmendes@example.org;30/11/2015
357;Gabriela Duarte;PJ;EDD;26/07/1971;Barbosa;460.152.897-67;martinsjose-pedro@example.org;17/11/2022
358;Hadassa Borges;PJ;ANF;11/07/1965;Leão;025.678.143-53;riosdanilo@example.org;16/12/2021
359;Letícia Cassiano;PJ;ADD;31/03/1999;Caldeira;041.739.682-13;apolloda-mata@example.org;09/02/2018
360;Pedro Lucas das Neves;CLT;GRC;06/05/1995;Carvalho;391.460.827-78;maria-fernanda66@example.net;26/07/2021
361;Anthony Camargo;PJ;EPD;14/03/1961;Campos Paulista;872.349.506-56;isabela94@example.net;04/05/2017
362;Gustavo Pires;PJ;EPD;20/01/1996;Araújo;468.251.903-42;luigiborges@example.org;19/12/2019
363;Isabela Gonçalves;CLT;EPD;30/10/1983;da Mota da Mata;732.605.814-80;isis63@example.com;07/11/2013
364;Pedro Lucas Andrade;CLT;AQA;16/02/1971;Azevedo do Oeste;048.571.936-39;raquelaraujo@example.org;01/07/2022
365;Esther da Paz;CLT;GRC;18/06/1973;Caldeira da Prata;538.104.762-26;theosiqueira@example.net;29/01/2015
366;Vicente Mendes;CLT;DUX;08/11/1982;Almeida das Pedras;714.305.826-26;ferreiradavi-luiz@example.com;25/08/2016
367;Raquel Vieira;PJ;ADS;27/09/1998;Moraes da Serra;268.907.451-67;hcavalcanti@example.net;08/09/2017
368;Laís Porto;PJ;ADD;26/06/1993;Carvalho;673.528.409-74;jaraujo@example.net;10/06/2020
369;Théo Moura;PJ;AQA;28/05/1988;Teixeira de Farias;561.482.793-55;barbara56@example.com;01/06/2013
370;Milena Sá;CLT;ADS;23/12/1963;Marques;380.691.752-30;eda-luz@example.com;18/06/2016
371;Olívia Azevedo;PJ;ANC;16/02/1960;Albuquerque de Goiás;230.589.416-33;mathiasda-cunha@example.net;08/02/2018
372;Carlos Eduardo Rios;CLT;AND;11/09/1991;Mendes dos Dourados;689.047.513-57;dantecunha@example.com;09/08/2019
373;Ana Luiza Novaes;PJ;SCM;10/08/1978;Ferreira da Serra;058.167.493-66;lfonseca@example.net;21/01/2024
374;Raul Vasconcelos;PJ;ANC;09/02/1971;Leão;692.037.158-86;matheusmartins@example.com;31/01/2014
375;Fernando Pires;CLT;EPD;26/07/1987;Jesus de Sales;876.934.125-73;zda-cunha@example.org;28/08/2014
376;Emanuelly Gomes;CLT;EST;23/01/1977;Machado Verde;963.728.415-09;cavalcantilais@example.net;08/07/2020
377;Liz Araújo;PJ;ADS;05/11/1976;Jesus das Flores;164.583.297-09;onovais@example.com;04/10/2014
378;Davi Lucas Jesus;CLT;EST;26/08/1982;Barros de da Cruz;493.728.051-14;marquesfrancisco@example.net;06/09/2021
379;Daniela Andrade;PJ;ANF;07/03/1984;Moraes de Camargo;195.372.406-06;aparecidaisabel@example.com;23/12/2020
380;Ana Sophia Pereira;PJ;SCM;29/10/1972;Carvalho;153.926.078-02;asafe31@example.net;27/02/2019
381;Alexandre Andrade;CLT;CCY;13/09/1997;Pastor de Nascimento;864.725.190-30;rlima@example.com;28/06/2023
382;Bruna da Conceição;PJ;ANF;30/05/1983;Nascimento;460.589.321-06;kevin97@example.net;31/08/2010
383;Luana Sousa;CLT;CCY;28/05/1979;Casa Grande dos Dourados;023.945.178-32;prodrigues@example.com;21/07/2021
384;Ana Liz Novais;CLT;ANI;22/02/1983;Fogaça;302.451.698-06;luanbarbosa@example.net;14/03/2010
385;Lucas Gabriel Sales;PJ;AGC;28/04/1986;Mendes da Prata;947.561.308-01;tmoraes@example.org;02/11/2016
386;Caroline Mendes;PJ;GRC;24/08/1960;Campos;930.782.415-05;jnovaes@example.com;10/07/2010
387;Theo Pinto;PJ;SCM;18/03/1989;da Rocha;034.892.716-96;ravi-lucca37@example.org;17/06/2024
388;Mateus Moreira;PJ;EPC;10/09/1991;da Mota;638.971.054-20;juliada-rosa@example.net;21/02/2015
389;Matheus Moreira;CLT;ANI;17/07/1989;Carvalho;310.975.248-41;davi-miguel77@example.org;20/12/2018
390;João Guilherme Cassiano;CLT;CDD;01/02/1962;Vargas;824.570.139-41;maria-alice75@example.net;01/06/2020
391;Bruna Ramos;CLT;ANI;19/10/1973;Borges;105.369.847-00;theodorocamargo@example.com;18/05/2011
392;Luigi da Cunha;CLT;AQA;06/09/1989;da Rocha;761.354.098-75;hrezende@example.org;07/12/2020
393;Matheus Mendonça;PJ;CCO;22/08/1968;Pereira das Flores;306.124.789-04;joao04@example.net;19/08/2022
394;Natália Caldeira;PJ;DUX;17/10/1989;Souza de Montenegro;107.583.492-97;da-pazpedro@example.com;12/07/2016
395;Isaac Camargo;CLT;ADS;03/01/1967;Correia;086.954.231-15;joaofarias@example.com;03/09/2011
396;Lucas Gabriel Nascimento;CLT;EPD;30/11/1963;Porto de Fogaça;356.429.170-99;cauaandrade@example.net;26/06/2014
397;Pedro Lucas Lima;PJ;GRC;06/04/1963;Mendes;814.395.720-97;kevinsa@example.org;21/02/2020
398;Lucas Gabriel Monteiro;CLT;EPC;07/01/1977;Siqueira;607.398.142-22;hteixeira@example.org;08/02/2013
399;Vinícius Camargo;PJ;ANF;08/01/1998;Alves da Serra;408.569.217-85;isaac69@example.org;16/04/2012
400;Emanuel Mendonça;PJ;CCO;03/06/1984;da Costa do Norte;150.246.387-35;rafael19@example.com;16/10/2018
401;Francisco Pires;PJ;AQA;06/02/1962;da Mata;152.487.390-04;ocamara@example.net;24/03/2012
402;Maria Vitória Garcia;PJ;CDD;08/04/1996;Cunha do Oeste;796.850.412-02;pnovais@example.net;25/07/2012
403;Bruna Macedo;PJ;AND;24/11/1972;Rocha;013.746.582-35;kevin98@example.com;03/10/2016
404;Miguel Abreu;CLT;GRC;10/05/1980;Vargas Verde;749.301.862-69;rodriguesmaria-liz@example.com;16/02/2012
405;Daniela Jesus;CLT;AGC;12/12/1996;da Rosa Verde;143.567.298-46;felipe87@example.net;09/08/2010
406;Lívia Silveira;CLT;EPC;17/07/1980;Sousa;391.075.428-79;guerravalentim@example.org;24/01/2010
407;Igor da Cunha;CLT;CCO;28/03/1965;Sá de Minas;248.039.756-47;aazevedo@example.org;22/02/2014
408;Ravi Lucca Fonseca;PJ;PDO;18/04/1988;Brito do Galho;680.235.914-60;nicole48@example.com;23/07/2015
409;Kaique Silveira;PJ;EPC;12/11/1981;Rios;918.524.370-14;ana-laura21@example.com;02/02/2010
410;Asafe Garcia;PJ;CDD;04/12/1983;Nogueira;364.108.579-93;emilly94@example.com;22/08/2024
411;André Novais;CLT;PDO;24/09/1996;Gomes Verde;536.149.728-28;da-pazolivia@example.net;12/05/2019
412;Caroline Jesus;CLT;ANF;23/09/1966;Rios;620.519.873-86;maria-helena43@example.com;22/02/2010
413;Nathan Ramos;PJ;CCY;21/04/1973;Farias do Campo;680.431.957-57;juliaalbuquerque@example.net;15/03/2016
414;Alícia Santos;CLT;ADD;24/04/1971;Rezende;904.326.587-00;luaramendonca@example.com;22/01/2019
415;Mirella Mendes;PJ;ANC;27/10/1960;Sousa de da Cunha;501.798.362-77;bmendes@example.com;12/01/2024
416;Benjamin Porto;CLT;EPC;03/12/1961;Montenegro do Amparo;984.751.236-19;luiz-otavio51@example.org;14/06/2020
417;Otávio Aparecida;CLT;EPC;14/09/1965;Moraes das Pedras;476.812.953-64;joao-gabrielfonseca@example.net;14/07/2017
418;Laís Aragão;PJ;CCY;21/01/1975;Mendonça;230.496.175-43;pda-luz@example.org;23/09/2012
419;Brenda Vasconcelos;PJ;EDD;08/01/1965;Guerra;056.483.912-42;cassianomanuella@example.org;01/03/2019
420;Ana Lívia Correia;CLT;DUX;09/10/1992;Ramos;597.340.618-01;arthur-miguel16@example.net;11/03/2015
421;João Gabriel Oliveira;CLT;GRC;20/03/1990;Almeida de Minas;652.913.048-98;henry-gabrielsampaio@example.com;28/07/2017
422;Marcos Vinicius da Cruz;CLT;AQA;17/05/1990;Sá do Campo;390.572.486-38;rezendeana-beatriz@example.net;23/12/2023
423;Pedro Lucas das Neves;CLT;EST;09/07/1992;Mendonça;089.674.125-76;bribeiro@example.net;01/08/2013
424;Maria Luísa Siqueira;PJ;EPC;15/06/1963;Alves;287.561.390-12;brenda44@example.org;14/09/2014
425;Bryan Ramos;CLT;EST;07/05/1982;Siqueira do Amparo;531.267.049-99;gbarbosa@example.net;11/04/2014
426;Ravi Fonseca;CLT;ANI;07/02/1999;Abreu dos Dourados;958.421.607-49;nogueiramaria-isis@example.org;28/09/2012
427;Liam Machado;CLT;ANC;08/05/1993;da Costa;761.492.580-76;cavalcantepedro-miguel@example.net;23/12/2019
428;Bryan Ramos;CLT;AQA;01/11/1994;Oliveira do Sul;098.263.475-74;tcostela@example.com;30/04/2015
429;Gael Nascimento;PJ;AGC;19/09/1966;Souza;260.941.785-30;fernandapires@example.org;16/07/2018
430;Fernanda Pacheco;PJ;DUX;05/10/1965;Caldeira de Pires;045.372.986-00;ysampaio@example.net;25/08/2018
431;Ísis Aparecida;PJ;EST;22/07/1995;Pinto;059.283.467-00;mathias99@example.net;04/12/2020
432;Lunna Mendonça;PJ;CDD;29/03/1989;Martins do Oeste;367.209.148-04;aalves@example.org;06/07/2013
433;Cauã Fernandes;PJ;ANI;18/09/1967;da Paz;179.604.825-94;kevinpinto@example.org;08/04/2014
434;Luara Casa Grande;PJ;CDD;31/07/1965;Souza;026.713.459-25;cribeiro@example.com;14/08/2015
435;Felipe das Neves;CLT;ANI;06/06/1973;Alves;139.875.240-14;ndas-neves@example.net;09/04/2011
436;Maria Vitória Vasconcelos;PJ;ADS;01/10/1994;Sampaio;694.812.375-91;hellena58@example.net;30/12/2010
437;Asafe Abreu;CLT;CDD;04/02/1964;Mendes Verde;534.289.761-00;cassianoarthur-gabriel@example.com;10/05/2021
438;Amanda Pinto;CLT;SCM;13/12/1968;Fernandes;103.264.987-96;viniciussilva@example.net;19/12/2016
439;Marcela da Cunha;CLT;AQA;21/09/1965;Fernandes;246.390.718-50;cavalcantethales@example.com;29/01/2013
440;Rafael Garcia;CLT;CCY;06/05/1969;Camargo de Almeida;489.375.162-09;gramos@example.org;14/01/2022
441;Valentim Souza;PJ;SCM;16/07/1974;Costa do Oeste;452.310.796-34;alanacasa-grande@example.org;15/01/2023
442;João Lucas da Cunha;PJ;CCY;14/12/1961;Aparecida das Flores;986.302.547-00;sara56@example.com;12/06/2015
443;Vitor Gabriel Moura;CLT;SCM;06/11/1974;Novaes de Fogaça;692.147.503-43;da-rosaolivia@example.org;24/06/2023
444;Stella Souza;CLT;AQA;11/09/1962;Casa Grande do Oeste;759.260.134-61;caio60@example.org;04/05/2014
445;Hadassa Gomes;PJ;DUX;17/11/1993;Santos do Norte;461.870.592-20;brenda84@example.com;06/02/2014
446;Maria Liz Campos;PJ;EPD;04/10/1963;da Cunha da Mata;254.738.061-71;lais65@example.com;20/07/2023
447;Enzo Gabriel Cunha;PJ;ADD;23/09/1988;Porto de Guerra;095.624.173-52;rnovaes@example.org;16/10/2011
448;Bernardo Leão;CLT;DUX;23/04/1963;da Rocha de Monteiro;239.140.685-15;agatha79@example.com;15/12/2015
449;Maria Luiza Duarte;CLT;DUX;21/06/1971;Sampaio;186.395.042-70;alanacassiano@example.org;05/10/2014
450;Maria Luiza Montenegro;PJ;CCO;19/05/1974;Correia Alegre;980.514.263-98;samuel99@example.net;04/08/2021
451;Caio Albuquerque;PJ;ADD;19/03/1997;Cirino;587.194.206-76;zvargas@example.org;08/11/2017
452;Lucas Gabriel Moreira;PJ;ADS;08/02/1982;Araújo;184.293.607-78;camposana-carolina@example.org;14/07/2021
453;Sofia Rios;PJ;GRC;07/01/1986;da Cunha;015.863.792-59;henry-gabriel46@example.com;30/08/2022
454;Kaique Casa Grande;CLT;EDD;04/09/1996;Farias;503.689.472-38;luanamarques@example.com;23/12/2012
455;Giovanna Gonçalves;PJ;CDD;30/01/1986;Correia;419.760.382-78;scosta@example.com;13/11/2019
456;Breno Teixeira;PJ;DUX;20/11/1994;Borges do Amparo;289.130.675-95;brayancardoso@example.net;08/01/2017
457;Giovanna Oliveira;PJ;CCY;22/12/1988;Teixeira;479.580.236-00;ester81@example.com;23/05/2017
458;Maria Vitória Barros;CLT;EDD;22/03/1980;Alves de Minas;035.214.876-44;gabriel14@example.org;05/03/2015
459;Bernardo Lopes;CLT;DUX;26/06/1963;Peixoto;807.651.293-02;igarcia@example.org;01/11/2016
460;Ana Julia Viana;PJ;AGC;12/07/1980;Viana;605.931.274-80;dlima@example.com;12/02/2024
461;Théo Jesus;PJ;ANC;31/03/1997;Nogueira;318.542.067-53;marquesluiza@example.org;19/09/2023
462;Bruna Peixoto;CLT;EPC;07/05/1998;Andrade;782.165.094-30;joana94@example.net;17/06/2024
463;Maria Helena Sousa;CLT;ANI;19/05/1971;Vargas do Galho;601.287.954-76;dom02@example.net;07/01/2012
464;Otto Gonçalves;PJ;EST;20/06/1996;Novais;197.384.250-50;pgoncalves@example.org;02/03/2010
465;Benjamim Pinto;CLT;EST;05/06/1973;Pastor;578.429.163-73;wrocha@example.com;16/03/2011
466;Aurora Câmara;CLT;EST;04/07/1992;Barros;278.190.654-94;zda-conceicao@example.net;25/10/2016
467;Milena Campos;PJ;CCO;21/06/1974;Dias de da Cunha;638.071.529-03;pastorjoao@example.net;22/08/2019
468;Alexandre da Mota;PJ;AND;14/02/1963;Aragão;854.173.029-88;inogueira@example.com;28/02/2023
469;Catarina Leão;PJ;PDO;03/04/1969;Porto de da Mata;768.093.512-21;aragaoeduardo@example.com;28/12/2010
470;Jade Ferreira;PJ;EPD;08/08/1986;Farias de Campos;258.613.970-40;carolinepereira@example.com;12/04/2015
471;Hadassa Moura;CLT;ADS;03/11/1991;Lima;173.462.058-71;lucas-gabrielleao@example.com;05/08/2020
472;Melina Costela;CLT;ANI;12/04/1995;Cunha;952.163.048-51;isabel60@example.com;21/06/2012
473;Laís Gomes;CLT;CCY;25/01/1991;da Mota da Mata;825.436.019-70;esilva@example.com;06/05/2015
474;Lavínia Cirino;PJ;AGC;21/03/1979;da Rocha;791.580.346-84;correiajoao-vitor@example.net;03/05/2016
475;Natália Nogueira;PJ;AQA;22/05/1994;Gonçalves;561.087.392-40;luanaoliveira@example.net;27/03/2010
476;Amanda Melo;PJ;EST;15/05/1979;Fogaça das Pedras;905.762.348-00;bellarocha@example.net;01/02/2016
477;Murilo Ribeiro;PJ;ADD;28/11/1970;Lima de Sá;516.348.720-53;machadobento@example.org;28/12/2011
478;Danilo Araújo;PJ;AQA;05/10/1979;Brito do Oeste;987.645.023-92;sophierezende@example.com;22/03/2019
479;Luiz Henrique Campos;PJ;CCY;05/01/1971;Brito;139.428.065-33;da-costaluiza@example.org;07/03/2019
480;Daniela Siqueira;CLT;PDO;05/02/1974;Melo Grande;906.718.243-50;sofiacunha@example.net;23/11/2017
481;Isabelly Pastor;CLT;EPD;28/07/1974;Souza;265.498.703-56;carlos-eduardo49@example.net;17/09/2016
482;Liz Abreu;PJ;CDD;23/07/1984;Viana;230.954.187-79;leonardo84@example.org;25/09/2013
483;Ana Luiza Costa;CLT;AGC;17/01/1985;Sampaio;936.071.524-70;omartins@example.com;30/10/2019
484;Cecilia Andrade;PJ;CCO;23/01/1998;Aragão das Pedras;270.436.598-92;pmelo@example.com;08/03/2017
485;Ana Clara Martins;CLT;EST;18/08/1972;Fogaça;346.817.029-78;rezenderenan@example.org;27/02/2024
486;José Rocha;PJ;ANC;04/12/1997;Leão;532.491.876-82;randrade@example.net;18/08/2011
487;Amanda Cirino;PJ;ANF;22/02/1969;Gomes;826.193.570-12;paulobrito@example.org;13/04/2018
488;Sara Moreira;PJ;ADS;18/06/1989;Monteiro;065.318.427-17;vnunes@example.net;04/09/2023
489;Maria Julia Pastor;CLT;AND;14/08/1976;Brito;207.314.968-50;fteixeira@example.org;29/04/2024
490;Bryan Pereira;CLT;CCO;26/03/1973;Lima;018.643.579-75;maiteviana@example.net;09/05/2023
491;Rebeca Nunes;CLT;EPD;25/10/1993;Rocha da Praia;027.143.659-06;pedrocostela@example.net;06/08/2016
492;Ayla Cirino;CLT;GRC;20/02/1986;da Mata das Pedras;243.601.875-80;bernardopacheco@example.org;13/12/2018
493;Bárbara Araújo;PJ;SCM;24/06/1992;Correia;694.017.325-07;joaquimmontenegro@example.com;10/07/2016
494;Otávio Moraes;PJ;EPD;06/01/1964;da Mata;790.386.145-00;juliaaraujo@example.net;30/01/2024
495;Lucas Rocha;CLT;ANC;02/07/1977;Casa Grande;541.892.637-37;andradevitor@example.com;25/03/2024
496;Antônio Albuquerque;PJ;ANF;31/03/1967;Pimenta;193.862.570-68;gdas-neves@example.com;14/04/2022
497;Luan Ramos;CLT;EST;27/11/1978;Viana do Amparo;974.261.085-11;laviniada-costa@example.com;23/10/2023
498;Léo Araújo;CLT;ADS;08/07/1983;Porto;463.810.752-44;emillymendonca@example.org;06/02/2011
499;Maria Luiza Dias;CLT;AGC;04/08/1978;Camargo;735.406.891-84;snovaes@example.net;30/10/2020
500;Miguel Teixeira;CLT;ADS;18/05/1973;Andrade;384.207.165-53;yan08@example.net;28/09/2015
501;Nina Lopes;PJ;ANC;08/05/1970;da Cunha;436.098.715-39;aalves@example.com;09/10/2023
502;João Felipe Monteiro;CLT;CCO;12/12/1982;Brito;504.873.916-75;enzo12@example.org;23/11/2022
503;Ana Sophia Camargo;PJ;GRC;10/05/1977;Cardoso;836.901.254-05;epereira@example.net;31/08/2022
504;Otto Montenegro;PJ;DUX;06/09/1997;Almeida;312.689.405-42;renansales@example.net;20/03/2010
505;Davi Lucca Abreu;CLT;ANF;05/04/1985;Fogaça do Amparo;950.148.276-67;wpacheco@example.net;05/11/2012
506;Sara Camargo;PJ;EDD;05/07/1960;Lopes;106.529.387-95;thales26@example.org;15/03/2021
507;Clara Rezende;PJ;AGC;29/06/1974;Moraes;231.796.805-12;xmoura@example.com;16/08/2015
508;Gabriel da Conceição;CLT;ADD;02/06/1981;das Neves;410.926.573-80;costaolivia@example.net;01/12/2018
509;Eloah Novaes;CLT;CCY;26/04/1989;Martins;147.962.358-09;ana-lauramontenegro@example.com;17/03/2012
510;Sarah da Rosa;CLT;EDD;22/07/1965;Cavalcante;048.329.657-00;gabriela23@example.org;08/04/2018
511;Sara Correia;CLT;ANI;11/08/1998;Souza Paulista;769.458.021-67;thiago15@example.org;31/01/2024
512;Danilo Vieira;CLT;AQA;13/02/1963;Rodrigues do Oeste;649.037.821-31;melina31@example.net;15/10/2019
513;Pedro Henrique Sá;CLT;ADS;19/04/1992;Abreu;028.174.569-20;kda-rocha@example.com;05/11/2018
514;Ana Júlia Moura;PJ;ANC;25/12/1998;Pimenta;596.873.014-57;silveirajoaquim@example.com;16/05/2020
515;Maria Vitória Ferreira;CLT;ANI;12/11/1976;Silveira;938.154.602-98;maite95@example.org;24/11/2014
516;Melina Melo;CLT;SCM;03/07/1972;Pires;713.865.294-19;correiamaria-cecilia@example.org;18/01/2014
517;Natália Sampaio;PJ;GRC;28/07/1985;Peixoto de Nogueira;156.723.048-26;meloaugusto@example.com;16/03/2024
518;Sophia Vargas;CLT;ADS;05/01/1974;Casa Grande;708.136.524-80;iporto@example.org;27/03/2024
519;Ian Camargo;CLT;EPD;27/07/1976;Nunes;604.953.782-83;alicecastro@example.net;27/10/2021
520;Gabriela Carvalho;CLT;AQA;21/08/1994;Pacheco;205.738.496-92;esterfonseca@example.org;22/12/2010
521;Clara Moraes;PJ;ANI;23/01/1997;da Rocha;628.539.047-92;camposmirella@example.com;06/04/2022
522;Léo Nunes;CLT;EDD;30/04/1995;Porto de Moura;053.684.729-00;anascimento@example.net;12/11/2021
523;Leandro Teixeira;PJ;ADS;25/06/1978;das Neves da Prata;381.052.976-12;manuella72@example.net;26/01/2018
524;Nina Silveira;PJ;CCO;18/01/1965;da Costa;047.925.168-11;novaismaria-clara@example.net;13/05/2015
525;Luana Pimenta;CLT;CCO;26/08/1966;Sales;149.057.286-49;sousarhavi@example.org;14/12/2010
526;Clara Cunha;PJ;CDD;26/06/1982;Duarte das Flores;523.081.679-12;camaraluiz-felipe@example.net;01/02/2017
527;Emilly Martins;PJ;ADD;15/03/1962;Barbosa de Minas;054.126.389-70;vmoura@example.net;14/04/2020
528;Luiz Otávio Pastor;PJ;AQA;29/06/1978;Machado;856.349.071-01;lorena65@example.net;21/10/2015
529;Rodrigo da Cunha;PJ;GRC;21/06/1961;Almeida;915.738.046-57;ipimenta@example.org;14/03/2017
530;Otávio Guerra;CLT;AGC;22/04/1985;Vasconcelos;109.235.647-99;henryda-rosa@example.com;18/02/2011
531;Bianca Macedo;CLT;GRC;24/10/1999;Cassiano de Cavalcanti;318.257.049-88;lizbarros@example.net;12/04/2018
532;Vitória Monteiro;CLT;CCY;27/01/1992;Azevedo Paulista;748.639.125-28;ycampos@example.org;10/12/2019
533;Jade Sousa;PJ;SCM;17/02/1986;Teixeira;539.184.607-20;noliveira@example.net;04/06/2017
534;Ravi Lucca Nascimento;PJ;GRC;23/10/1999;Pimenta;261.493.758-46;bgoncalves@example.org;25/04/2010
535;Esther Sampaio;PJ;AQA;09/02/1979;Leão;602.395.471-52;peixotobruno@example.net;26/05/2017
536;Ana Luiza Casa Grande;PJ;ANC;30/09/1994;Fernandes Alegre;618.297.405-20;ravida-paz@example.org;14/05/2010
537;Gabriel Duarte;PJ;PDO;25/12/1993;Teixeira;189.357.026-68;brendaaparecida@example.org;06/11/2011
538;Olívia Aparecida;PJ;ADD;19/03/1972;Sousa Grande;016.573.892-86;leogomes@example.org;29/03/2011
539;Heloisa Aparecida;CLT;CCO;18/02/1993;Teixeira;108.547.936-66;casa-grandetheo@example.net;12/01/2022
540;Luiz Gustavo Souza;CLT;AQA;13/04/1977;Cavalcante;450.963.217-70;luiz-fernando96@example.org;22/07/2015
541;Clarice Abreu;CLT;EST;08/03/1997;Santos;590.214.367-52;gabrielly00@example.org;18/11/2021
542;Anthony Gabriel Costela;CLT;AQA;21/06/1966;Lopes;174.023.965-25;nda-rocha@example.org;22/02/2024
543;Luiz Miguel da Luz;CLT;EPC;25/11/1988;da Rocha;104.768.523-07;cfernandes@example.org;14/01/2023
544;Sofia da Mota;CLT;ANI;22/03/1965;da Rosa;204.968.357-00;albuquerquebenjamim@example.org;15/12/2023
545;Caleb Sousa;PJ;EPD;26/06/1983;Sampaio de Minas;043.218.796-04;davi-lucas22@example.net;04/07/2019
546;Alana Alves;CLT;ANC;18/04/1977;Montenegro do Norte;310.562.879-77;siqueiratheo@example.org;22/04/2016
547;Diego das Neves;PJ;ADS;21/08/1982;Andrade de Martins;783.042.165-07;diasolivia@example.org;10/05/2010
548;Julia Santos;PJ;EPC;03/08/1973;Martins de Lima;604.752.913-52;lauravargas@example.net;24/10/2013
549;Sofia Viana;CLT;EDD;20/12/1960;Cunha de Leão;046.915.823-98;alvesmaria-alice@example.org;13/05/2011
550;Thales Oliveira;CLT;DUX;03/09/1988;Rocha;942.815.763-55;ana-luizada-paz@example.org;27/08/2021
551;Bento Ferreira;PJ;AND;29/12/1987;Correia do Sul;581.740.639-00;zcavalcante@example.org;02/02/2016
552;Isabella da Costa;PJ;CDD;15/02/1962;das Neves;643.952.107-16;piresvitor-gabriel@example.org;18/01/2018
553;Arthur Gabriel Marques;PJ;ANF;05/05/1990;Ferreira;018.745.926-67;emendonca@example.net;10/03/2011
554;Pietra Nascimento;PJ;ANF;08/06/1975;Rodrigues da Prata;601.957.482-20;tduarte@example.net;30/07/2021
555;Arthur Miguel Araújo;PJ;DUX;21/01/1982;Jesus;604.812.537-26;pedroda-rosa@example.net;18/03/2017
556;Raquel Vieira;PJ;CCY;23/08/1988;Gomes;236.749.018-03;erick67@example.org;25/11/2017
557;Rebeca Gomes;PJ;CCO;25/12/1995;Pereira das Flores;341.569.208-60;nina67@example.net;20/06/2011
558;Sofia Vieira;CLT;GRC;07/03/1987;Garcia;856.394.072-47;carvalhocarolina@example.net;01/12/2017
559;Ana Laura Ferreira;PJ;ANF;18/07/1969;Caldeira de Minas;789.024.536-00;isis16@example.net;22/11/2021
560;Joaquim da Paz;CLT;PDO;03/02/1971;Martins de Cunha;601.354.879-00;portomanuela@example.com;20/07/2021
561;Juan Duarte;CLT;EDD;19/09/1994;Pereira;830.956.742-10;dda-luz@example.net;13/10/2020
562;Manuella Peixoto;CLT;CCY;07/07/1988;Novais do Amparo;408.935.726-83;nascimentorhavi@example.com;12/04/2014
563;Melina Nogueira;CLT;ANF;20/03/1978;Câmara;075.149.368-66;alexandre04@example.org;12/07/2012
564;João Gabriel Lopes;CLT;ADS;08/11/1976;Câmara do Sul;187.256.043-17;cavalcantejose-pedro@example.net;16/05/2022
565;Henrique Siqueira;PJ;EDD;12/05/1967;Souza de Câmara;791.532.480-23;rafaellima@example.com;16/12/2020
566;Maria Júlia Casa Grande;CLT;CCO;23/03/1983;Fernandes;326.459.087-56;gael-henrique72@example.com;15/05/2016
567;Enrico da Cunha;CLT;PDO;02/09/1967;Oliveira;740.126.538-90;alicemacedo@example.net;25/08/2013
568;Larissa Sampaio;PJ;SCM;11/01/1996;Castro das Flores;425.693.871-00;saragao@example.org;13/09/2015
569;Luiz Henrique da Cruz;PJ;PDO;03/02/1970;Carvalho;241.395.076-16;murilo33@example.net;14/04/2020
570;Cecília Moreira;PJ;CDD;18/09/1960;Martins do Galho;372.590.186-40;allana80@example.org;02/04/2010
571;Luan Sales;PJ;AND;11/01/1996;Brito;509.148.623-24;ceciliacamara@example.com;12/02/2020
572;Stephany Viana;CLT;AGC;18/04/1999;Borges do Sul;451.370.862-07;opacheco@example.net;30/01/2021
573;Eduardo Mendonça;CLT;ANF;20/03/1995;Rios;946.812.735-46;amandapires@example.org;11/09/2018
574;Liz Caldeira;PJ;AGC;04/09/1961;Borges de Moreira;417.265.908-01;enzo49@example.com;14/01/2015
575;Benicio da Rosa;PJ;CCO;05/06/1978;Santos;721.543.986-00;lsiqueira@example.com;23/05/2011
576;Antônio Ribeiro;CLT;SCM;10/04/1978;Costa;576.430.129-70;ceciliarodrigues@example.org;02/10/2015
577;Theo Farias;PJ;ANI;25/10/1976;Ramos;103.596.428-70;imacedo@example.net;02/02/2015
578;Davi Luiz Novais;PJ;CCO;13/05/1994;Barbosa;079.425.138-23;mda-rosa@example.com;13/03/2021
579;Isabelly Barbosa;PJ;AQA;16/02/1987;da Paz Verde;491.386.570-66;vcardoso@example.org;15/01/2015
580;Luiz Henrique Brito;PJ;ANC;03/04/1963;Peixoto de Abreu;736.529.014-52;anna-lizazevedo@example.org;15/11/2014
581;Theo Moraes;PJ;ANI;04/07/1980;Garcia do Norte;784.321.690-13;abreuhadassa@example.org;16/03/2011
582;Antonella Garcia;PJ;EPC;09/01/1973;Alves das Pedras;765.310.948-93;alexandre57@example.net;03/03/2021
583;João Lucas da Rosa;PJ;EPC;14/07/1997;Nascimento de Lima;973.284.106-04;qcamara@example.org;20/07/2010
584;Cecilia Aparecida;PJ;AGC;25/09/1999;Pires;980.742.316-31;da-rochazoe@example.com;20/08/2011
585;Allana Cardoso;PJ;SCM;19/01/1973;Rocha da Praia;935.017.284-41;zcassiano@example.org;14/02/2010
586;Maria Julia Gonçalves;CLT;EPC;02/12/1963;Costela;325.487.691-19;livia51@example.net;15/02/2017
587;Joana Pires;CLT;ADS;10/02/1985;Nunes;735.618.092-86;lucascasa-grande@example.com;27/06/2024
588;Oliver Santos;CLT;EDD;08/04/1975;Guerra da Prata;653.174.209-70;joao-miguelmartins@example.net;29/05/2018
589;Henry Gabriel das Neves;CLT;AGC;29/09/1964;Nogueira da Mata;026.135.849-98;da-cruzhenry@example.org;06/01/2018
590;Leonardo Fernandes;PJ;CDD;11/09/1982;Caldeira de Goiás;671.905.843-66;pporto@example.com;08/08/2023
591;Marcelo Fogaça;CLT;AGC;02/03/1984;Mendes Verde;360.742.598-10;ucavalcanti@example.org;24/07/2019
592;Lívia Alves;CLT;AND;10/01/1967;Carvalho;257.304.689-38;raelmonteiro@example.org;25/05/2023
593;Fernando Fonseca;CLT;CDD;12/01/1984;Aragão do Campo;167.980.352-21;ana-vitoriacostela@example.com;27/08/2016
594;Theo da Conceição;CLT;ANI;28/12/1978;Montenegro Alegre;931.527.864-09;barbosahenry@example.com;04/08/2021
595;Maria Julia Costela;CLT;EDD;14/01/1987;Cirino;183.256.049-05;antonellada-cruz@example.com;01/04/2010
596;Eduarda Azevedo;PJ;AND;12/12/1995;da Mata de Nogueira;728.901.643-22;vicente80@example.com;19/12/2020
597;Bruno Fernandes;CLT;PDO;24/04/1961;Sales Alegre;235.946.780-83;benjamin19@example.com;09/11/2022
598;Dante Rios;PJ;AGC;30/05/1989;Câmara de Fonseca;904.357.186-57;maria-liz53@example.org;29/07/2012
599;Cecília da Mota;PJ;ANI;27/05/1977;Vasconcelos de Brito;208.937.615-59;beatriz06@example.com;19/07/2018
600;Clarice Cassiano;PJ;ANI;04/12/1995;Siqueira de das Neves;589.613.472-09;albuquerqueluiz-felipe@example.org;03/04/2017
601;Luiz Felipe Guerra;PJ;AND;02/01/1984;Mendonça;051.379.286-40;pedro-lucasmendes@example.net;26/08/2017
602;Kevin Almeida;CLT;EPD;25/02/1994;Caldeira Verde;842.670.351-80;estheraraujo@example.org;07/11/2015
603;José Sales;PJ;CCO;21/09/1962;Moreira;430.967.218-31;rmoraes@example.com;28/05/2020
604;Heloísa Carvalho;CLT;CCY;04/07/1977;Brito;895.732.614-64;fonsecaravy@example.org;30/03/2012
605;Bruna Moura;PJ;AND;06/05/1966;Montenegro;684.725.013-53;ferreiranoah@example.org;18/06/2022
606;Vitor Hugo Moura;CLT;CCY;05/01/1977;Barbosa Verde;281.034.765-44;luizasampaio@example.net;06/11/2012
607;Maitê Mendes;CLT;EST;06/05/1987;Novais do Galho;387.029.451-50;isisandrade@example.org;29/08/2012
608;Samuel da Mata;CLT;CCO;04/01/1961;Cassiano;173.829.405-60;fborges@example.org;16/11/2021
609;Gael Oliveira;PJ;CCY;20/05/1991;Novais Alegre;415.387.926-64;emillyfarias@example.net;14/12/2012
610;Amanda Cavalcanti;PJ;AQA;03/05/1964;Mendes;875.061.342-17;gael-henriqueazevedo@example.net;21/04/2011
611;Maria Eduarda da Mata;PJ;ADD;02/04/1994;Sousa;748.193.650-10;henry-gabriel05@example.com;25/08/2023
612;José Pedro Nascimento;PJ;CCO;07/06/1982;Casa Grande;273.104.865-44;caldeiramaria-julia@example.net;12/01/2014
613;Noah Casa Grande;CLT;DUX;02/10/1966;Monteiro;431.970.526-25;hmonteiro@example.com;08/10/2011
614;Vinícius Borges;CLT;AQA;17/02/1968;Abreu do Oeste;406.395.871-00;davi-luccamoreira@example.org;22/03/2024
615;Ana Julia Costa;PJ;AND;27/11/1964;Teixeira do Galho;103.945.728-23;ana-lizdas-neves@example.net;31/01/2015
616;Ian Freitas;CLT;AND;29/10/1998;Sampaio de Lopes;345.289.610-24;teixeirahellena@example.com;18/06/2010
617;Nicole Porto;PJ;SCM;16/08/1973;Vargas;153.284.976-19;benicio86@example.net;07/11/2018
618;Yuri Vieira;CLT;SCM;14/05/1985;Nogueira;347.601.258-17;luanbrito@example.org;27/10/2017
619;Ravy da Rosa;CLT;AQA;05/07/1965;Machado;728.153.496-55;nalbuquerque@example.net;07/03/2024
620;Maria Laura Lima;PJ;SCM;28/07/1967;Sales;621.874.935-55;raquel69@example.org;10/10/2013
621;Daniela Freitas;CLT;EPC;02/05/1960;Lopes do Galho;132.068.975-21;arthur-gabrielsouza@example.org;24/10/2017
622;Maria Eduarda Sousa;CLT;EST;26/08/1989;Sales;294.178.630-96;domsa@example.org;19/07/2020
623;Lara Fogaça;PJ;SCM;08/04/1965;Andrade Alegre;280.359.176-68;machadomaria-eduarda@example.com;13/10/2010
624;Apollo da Luz;PJ;ADS;07/02/1963;Leão;570.163.982-77;usilveira@example.net;11/12/2018
625;Yago Leão;PJ;CCO;11/02/1974;Ramos do Sul;953.406.827-65;ucasa-grande@example.org;11/02/2023
626;Maria Clara Vasconcelos;PJ;SCM;27/05/1971;Andrade;192.836.547-73;fariasleticia@example.com;06/02/2015
627;Kevin Aparecida;PJ;DUX;14/07/1998;Lopes;308.579.214-79;andreaparecida@example.com;16/01/2016
628;Kevin Guerra;PJ;AND;08/10/1997;Rocha;945.273.861-82;kcassiano@example.com;16/04/2010
629;Nicolas Mendes;CLT;GRC;06/04/1963;Câmara;093.681.425-05;cunhaasafe@example.org;30/10/2020
630;Bryan Guerra;CLT;ANC;17/05/1997;Aparecida;738.526.910-95;bda-rosa@example.org;28/08/2013
631;Caleb Pacheco;CLT;EDD;09/03/1997;Fonseca;639.085.427-74;stellaviana@example.com;10/10/2012
632;Luan Garcia;CLT;EST;02/04/1998;Castro de Castro;521.890.746-49;natalia95@example.net;22/04/2019
633;Nicole da Conceição;CLT;AND;24/09/1963;Camargo;640.185.937-75;maria-flormacedo@example.net;27/05/2011
634;Rafaela da Costa;PJ;EST;19/08/1992;Duarte do Campo;637.924.580-47;casa-grandejoao-guilherme@example.net;01/03/2015
635;Théo Nascimento;CLT;SCM;26/05/1969;Jesus;027.143.695-61;leandro25@example.com;20/11/2019
636;Davi Luiz Borges;CLT;AND;23/10/1986;Andrade;351.826.407-90;enzo-gabriel15@example.net;13/12/2020
637;Leandro Silveira;CLT;ADS;09/08/1990;Azevedo de Barros;725.301.984-97;maria-helenavasconcelos@example.net;04/09/2019
638;Stella Lopes;PJ;AND;25/10/1983;da Mota de Moreira;457.382.910-50;bianca93@example.net;03/07/2020
639;Yan da Conceição;PJ;AND;03/01/1975;Gomes;032.645.879-47;zoe69@example.com;28/04/2018
640;Luara Mendonça;PJ;EDD;12/10/1978;da Paz;639.154.872-28;rpacheco@example.net;13/01/2010
641;Dante Duarte;PJ;GRC;11/09/1975;Gonçalves de Mendes;946.570.281-11;wribeiro@example.net;12/02/2020
642;André Almeida;CLT;EST;28/01/1969;Macedo;617.032.584-44;maria-claracostela@example.net;27/08/2015
643;Beatriz Correia;PJ;CDD;28/02/1970;Silva do Sul;792.150.468-01;anna-liznovaes@example.com;06/02/2018
644;Gael Henrique da Paz;PJ;AQA;07/11/1966;Mendes;052.631.974-70;maria-laura38@example.org;23/01/2014
645;Mariana Teixeira;PJ;EST;20/01/1961;Azevedo do Sul;259.470.861-58;costajose-miguel@example.com;12/09/2015
646;Arthur Miguel da Mata;PJ;EDD;16/12/1965;Vieira;617.359.240-16;fvasconcelos@example.com;02/08/2012
647;Heloísa Moraes;PJ;CDD;01/05/1999;da Mota da Praia;653.841.097-93;levi18@example.com;14/08/2022
648;Maria Laura da Paz;PJ;EDD;12/07/1996;da Cunha de Araújo;201.734.986-04;valentimsa@example.net;15/05/2024
649;Stella Garcia;PJ;ADD;13/04/1995;Rocha;974.258.013-88;maria-sophiacavalcanti@example.com;08/04/2016
650;Mateus Sampaio;CLT;ANC;25/07/1977;Nascimento da Mata;235.718.940-14;zcirino@example.net;01/08/2017
651;Maria Fernanda da Cruz;PJ;CCY;24/03/1983;Pereira de Siqueira;297.364.508-56;ninada-mata@example.com;26/12/2013
652;Rafaela Novaes;PJ;ANI;23/03/1990;Duarte de Minas;029.374.586-29;maria-alicesampaio@example.com;26/12/2023
653;Theodoro Gomes;CLT;PDO;22/06/1987;Fernandes;294.170.358-60;nrodrigues@example.com;17/04/2015
654;Thales Monteiro;PJ;AQA;20/08/1971;Ramos da Prata;685.314.907-66;valentim47@example.com;30/05/2013
655;Anthony Gabriel Moreira;PJ;AQA;28/02/1977;Ferreira do Galho;590.134.782-04;luiza59@example.com;16/03/2010
656;Julia Aragão;PJ;EDD;08/07/1995;Camargo;412.795.308-04;isabellydas-neves@example.org;22/07/2024
657;Fernanda Araújo;PJ;CCO;02/09/1961;Viana da Prata;841.305.729-97;marqueseloa@example.com;24/03/2019
658;Isaac Melo;CLT;AGC;09/10/1985;da Mota;720.648.153-17;enzo-gabriel65@example.org;27/11/2010
659;Arthur Gabriel da Rosa;PJ;ADD;01/02/1969;Castro da Prata;219.647.053-80;zpastor@example.org;18/07/2014
660;Enrico Barbosa;CLT;AQA;05/03/1985;Machado;468.539.071-75;fernandeszoe@example.org;13/01/2021
661;Mateus Barros;PJ;GRC;07/05/1996;Novais;364.702.185-71;davi-lucca10@example.com;24/06/2022
662;Beatriz Gomes;CLT;EPC;04/07/1963;Costela de Goiás;702.861.549-94;ana-ceciliacosta@example.org;17/10/2016
663;Anna Liz Aragão;CLT;EPD;21/06/1996;Albuquerque Verde;701.234.956-52;nascimentoheloisa@example.org;26/10/2012
664;Anna Liz Ramos;CLT;EPC;09/11/1980;Rezende de Moraes;389.426.510-89;oliviaalmeida@example.org;15/11/2022
665;Otávio Guerra;PJ;AQA;26/01/1991;Sousa da Prata;930.572.486-83;antonella89@example.org;14/12/2020
666;Clara Cardoso;CLT;GRC;13/06/1969;Rezende;739.082.154-04;aparecidabruno@example.org;30/07/2015
667;João Lucas Araújo;PJ;CDD;21/01/1993;Marques do Oeste;254.896.371-37;gfernandes@example.org;25/06/2021
668;Luísa Freitas;CLT;CCO;18/10/1964;Pereira do Galho;207.864.315-71;yda-cruz@example.com;09/08/2010
669;Caroline Pastor;PJ;ANF;23/03/1981;Freitas do Amparo;431.508.927-32;pedro-miguelcamara@example.com;03/09/2013
670;Luísa Machado;PJ;AND;26/12/1994;Pires;028.964.517-49;erick73@example.com;13/04/2011
671;Marcela da Conceição;PJ;AND;22/11/1997;Cassiano;960.183.425-70;omachado@example.org;17/06/2021
672;Eloah Siqueira;CLT;ADD;18/08/1970;Pacheco;862.431.075-07;davi99@example.net;17/05/2017
673;Ágatha Cunha;CLT;ANC;03/02/1991;Porto de Minas;839.014.625-89;dmendes@example.org;29/05/2021
674;Maria Fernanda Duarte;CLT;PDO;23/07/1972;Peixoto;637.051.498-57;eduardacorreia@example.org;16/12/2015
675;Calebe Sales;PJ;CCY;14/09/1996;Aragão;894.315.762-28;luanasilveira@example.com;20/02/2012
676;Calebe Peixoto;CLT;DUX;02/11/1992;Cunha;380.417.569-48;sampaioallana@example.com;28/09/2013
677;Allana Machado;CLT;AGC;23/11/1967;da Paz;806.245.197-67;bfernandes@example.org;02/11/2023
678;Lorenzo Aparecida;CLT;AQA;31/10/1973;Ribeiro Paulista;730.915.486-00;ceciliaabreu@example.org;03/06/2010
679;João Machado;CLT;GRC;09/08/1989;Sousa do Oeste;653.278.140-17;davidas-neves@example.com;30/08/2010
680;Melissa Novais;CLT;PDO;24/06/1994;Aparecida;315.927.068-86;joaquim82@example.com;19/11/2011
681;Vitor Marques;PJ;ANC;05/08/1991;Oliveira das Flores;720.943.865-38;tmelo@example.net;08/02/2024
682;Agatha Aragão;PJ;CCO;06/09/1967;Pires;528.763.109-02;fariasjoao-vitor@example.org;11/06/2018
683;Rebeca da Rosa;PJ;ANF;03/07/1987;da Cruz;064.518.732-17;tda-mota@example.com;16/04/2012
684;Luara Moura;CLT;GRC;04/04/1961;Sampaio do Amparo;513.946.872-73;marcelada-rosa@example.com;23/10/2012
685;Maitê da Luz;CLT;PDO;06/06/1992;Pereira;914.857.326-46;mendoncacaua@example.org;03/03/2020
686;Ágatha da Rocha;CLT;PDO;05/05/1995;Pacheco das Pedras;746.358.210-80;monteiroalexandre@example.org;10/01/2022
687;Melina Rezende;PJ;ADD;29/10/1997;Araújo do Campo;456.917.038-20;ecavalcante@example.com;09/06/2016
688;Kamilly Garcia;PJ;EDD;22/10/1977;Pereira;236.748.095-83;svargas@example.org;23/04/2023
689;Olívia Mendes;CLT;EPD;02/07/1984;Santos da Serra;907.524.683-83;fmontenegro@example.com;16/07/2024
690;Lívia Ribeiro;PJ;AGC;16/08/1972;Leão da Mata;517.203.496-06;oliveiraisis@example.com;16/11/2013
691;Marcela Macedo;PJ;SCM;30/04/1989;Moura do Amparo;840.179.326-22;scasa-grande@example.org;24/01/2011
692;Ágatha Dias;PJ;AND;25/09/1994;Rios dos Dourados;127.954.830-41;oborges@example.org;24/08/2010
693;Agatha Pacheco;CLT;ADD;13/04/1966;Moreira;135.486.972-91;antony28@example.net;06/09/2022
694;Milena Albuquerque;PJ;AQA;24/12/1982;Fernandes de Leão;634.805.271-08;teixeiraana@example.net;01/12/2012
695;Valentina Araújo;CLT;EPC;15/05/1999;Dias de Minas;809.247.136-31;beatrizcamargo@example.org;03/06/2023
696;Luiz Miguel Casa Grande;CLT;PDO;07/07/1998;Jesus da Praia;564.712.809-20;benicio24@example.net;13/12/2020
697;Mariane Mendonça;PJ;ADD;19/06/1977;Costela;867.431.952-19;martinsgiovanna@example.com;23/04/2020
698;Cecilia Santos;PJ;EDD;25/01/1983;Azevedo;710.382.496-78;pnovaes@example.org;06/07/2018
699;Vitor Gabriel da Luz;PJ;AQA;30/10/1962;Barros;638.291.047-31;ana63@example.org;21/10/2023
700;Maria Clara Souza;PJ;CCY;26/02/1982;Cunha de Souza;148.927.603-31;jose-pedro56@example.net;27/09/2020
701;Lucas Câmara;PJ;ADS;17/12/1965;Ramos dos Dourados;796.851.420-76;maria-sophia19@example.net;11/06/2016
702;Benjamin Siqueira;PJ;DUX;28/11/1986;Barros;396.784.251-73;pintogustavo-henrique@example.org;11/03/2013
703;Maria Julia Viana;PJ;GRC;24/06/1993;Vasconcelos do Sul;605.479.328-47;lorena65@example.com;16/07/2014
704;Maria Alice Marques;CLT;EDD;04/05/1989;Gonçalves;528.634.790-83;vianaana-clara@example.com;27/04/2010
705;Erick Dias;CLT;CCO;27/07/1975;Teixeira;418.605.297-20;sara05@example.net;03/09/2023
706;Ravy Brito;PJ;GRC;23/03/1977;Rezende;769.204.835-56;camaraemanuella@example.net;07/06/2010
707;João Castro;PJ;DUX;16/03/1990;Rezende;694.780.231-87;salesmaria-clara@example.net;20/12/2023
708;Ana Beatriz Castro;PJ;DUX;02/10/1989;Garcia das Flores;675.283.914-09;vieirabianca@example.net;13/04/2023
709;Amanda Moraes;CLT;GRC;24/10/1967;Sousa;912.304.857-32;eloa91@example.net;19/09/2015
710;Fernando Fernandes;PJ;SCM;07/04/1969;da Rocha;623.951.847-64;cirinoluiz-gustavo@example.com;05/10/2018
711;Daniela Machado;CLT;GRC;03/04/1975;Pastor;075.194.263-43;cirinoeduarda@example.com;04/01/2021
712;Isis da Mota;CLT;PDO;05/10/1999;Lima das Pedras;328.714.605-07;jmoreira@example.org;23/05/2016
713;Renan Guerra;PJ;EPD;14/12/1963;Borges do Norte;160.724.853-08;castrosarah@example.com;18/07/2020
714;Isis Araújo;CLT;EDD;28/03/1979;Cassiano Grande;873.640.912-03;bcasa-grande@example.com;08/11/2015
715;Benicio Ferreira;CLT;CDD;14/08/1970;Teixeira da Serra;982.706.513-03;mouratheo@example.net;13/01/2011
716;Raul Cirino;CLT;EPC;07/11/1992;Ramos do Galho;089.123.456-05;mouraalexandre@example.org;09/06/2017
717;Rafael Barros;CLT;EPC;11/05/1967;Dias do Amparo;185.437.960-75;thiago58@example.org;30/03/2018
718;João Miguel Alves;CLT;CDD;26/05/1982;Rocha;823.549.671-28;aparecidakevin@example.net;08/12/2021
719;Henry Gabriel Silva;PJ;ADS;09/10/1978;Borges do Norte;142.859.607-02;goncalvesmaria-clara@example.com;13/08/2019
720;Larissa Oliveira;PJ;EPC;09/11/1977;Martins;472.360.918-04;marcos-viniciuscasa-grande@example.com;22/02/2024
721;Lucca Cirino;PJ;ANF;26/01/1984;Pinto;453.910.286-98;caue34@example.net;30/09/2017
722;Levi Silva;PJ;AGC;27/10/1988;Costela;180.527.943-23;alexiacavalcante@example.com;03/08/2018
723;Thales Sales;PJ;AND;14/10/1979;da Cruz;673.510.982-12;diasian@example.com;24/05/2013
724;Larissa Rios;PJ;EDD;04/01/1982;da Mata das Pedras;347.860.519-93;arthur-miguelmelo@example.com;31/08/2020
725;Eloah Siqueira;CLT;ANF;11/04/1964;Silveira;806.352.974-00;castrojoana@example.com;01/07/2019
726;Larissa Pinto;PJ;ADD;23/01/1960;Ramos de Oliveira;720.594.861-49;bleao@example.org;12/08/2023
727;Erick Ribeiro;PJ;SCM;18/04/1993;Gonçalves;912.763.840-50;caleb56@example.org;22/05/2021
728;Calebe Camargo;CLT;AQA;29/05/1968;da Costa de Minas;096.183.257-68;maria-clara73@example.net;17/05/2014
729;Luiz Gustavo da Costa;PJ;EDD;01/10/1998;Sousa;318.059.267-21;sophiefonseca@example.net;28/09/2019
730;Lucas Gabriel Ribeiro;PJ;AQA;19/05/1981;Nunes do Oeste;865.071.943-01;xdas-neves@example.org;13/01/2022
731;Bento Cassiano;CLT;ANI;22/01/1961;Macedo de Sampaio;914.370.652-52;heloisa89@example.org;24/10/2017
732;Milena Jesus;CLT;ANI;06/01/1984;Duarte do Amparo;847.291.350-32;cavalcanteanna-liz@example.com;31/05/2019
733;Benicio Santos;CLT;ADD;19/06/1961;Aragão;258.307.146-71;leo98@example.com;25/11/2019
734;José Miguel Rezende;CLT;ANC;09/03/1961;Montenegro da Prata;713.520.698-30;silveirasara@example.net;27/08/2019
735;Maria Helena da Mota;PJ;EPD;24/08/1984;Andrade de Fogaça;593.816.742-64;jpacheco@example.org;26/07/2012
736;Daniel Martins;CLT;ADD;09/12/1993;Novaes dos Dourados;495.201.367-70;jose-miguelfreitas@example.net;20/04/2019
737;Ana Beatriz Vieira;CLT;GRC;18/01/1992;Cavalcanti;261.053.847-26;stella35@example.net;24/11/2023
738;Gustavo Henrique Jesus;CLT;GRC;13/08/1990;Sá;347.982.156-19;pastorjoao-miguel@example.org;06/02/2013
739;Ana Clara Rocha;PJ;GRC;15/11/1962;Rezende;798.051.432-79;vieiraantonella@example.org;15/07/2010
740;Maria Sophia Cavalcante;PJ;CCO;12/09/1962;Cirino de Rezende;785.360.912-40;isabelly91@example.org;03/06/2022
741;Ravi Lucca Peixoto;PJ;CCY;12/07/1981;da Mota da Mata;407.591.628-67;novaesbarbara@example.net;14/02/2011
742;Lucas da Conceição;CLT;ANF;18/07/1976;Barbosa da Mata;508.461.732-71;mirella01@example.org;05/10/2022
743;Luiz Otávio Moreira;CLT;EPC;19/03/1989;Lopes;708.524.619-76;mirellapacheco@example.com;20/02/2020
744;Davi Miguel Montenegro;CLT;AGC;31/01/1981;Farias da Mata;810.473.295-14;da-cruzsophia@example.org;05/12/2014
745;Anthony da Cruz;PJ;CDD;22/02/1980;Guerra Verde;238.496.015-60;mirella24@example.net;08/01/2022
746;Yasmin Nascimento;PJ;GRC;11/12/1988;Aparecida da Serra;389.052.764-74;sborges@example.org;04/12/2022
747;Arthur Gabriel Macedo;PJ;AND;28/11/1975;Moraes;710.423.568-07;castrorhavi@example.org;27/11/2019
748;João Pedro Andrade;CLT;ANI;13/07/1991;Casa Grande;859.346.172-73;caio82@example.org;13/04/2013
749;Lorenzo Rios;PJ;PDO;19/05/1977;Gomes;783.462.510-17;wsilva@example.net;29/10/2023
750;Renan Duarte;CLT;AGC;03/07/1974;Souza;768.204.139-04;maria-fernandaandrade@example.com;02/10/2018
751;Allana Moreira;PJ;EDD;03/10/1981;Camargo da Prata;307.295.861-03;nicolas29@example.net;19/03/2013
752;João Guilherme Aragão;CLT;CCO;02/02/1991;Siqueira;067.183.952-77;vicente25@example.net;29/12/2011
753;Sophie Vargas;CLT;DUX;13/01/1998;Vargas;470.851.932-04;qmendes@example.net;03/12/2011
754;Isis Nunes;CLT;GRC;09/02/1999;Castro do Norte;839.460.517-66;andrademaria-clara@example.com;21/01/2015
755;Luana Porto;CLT;EPC;01/01/1970;Silveira;498.327.516-91;diogo37@example.net;18/11/2010
756;Lara Novais;PJ;ADD;26/11/1980;Cavalcante;039.216.875-86;qpastor@example.net;15/01/2019
757;Nicolas Lopes;PJ;GRC;22/12/1998;Cavalcanti;731.084.596-00;jesuserick@example.net;09/02/2013
758;Antonella Teixeira;PJ;ADD;30/05/1997;Gomes;023.519.847-14;liviacunha@example.org;20/06/2021
759;Heloisa Araújo;PJ;GRC;23/08/1977;Pinto;457.082.391-23;pedro36@example.org;28/01/2022
760;Sophia da Costa;CLT;AGC;19/05/1985;Rios Grande;819.072.346-40;lunna21@example.org;15/06/2016
761;Ana Vitória Macedo;PJ;CCY;23/02/1993;Cavalcanti;572.014.638-53;biancaalbuquerque@example.com;24/12/2018
762;Maria Luiza Souza;CLT;ADS;20/08/1980;Sá da Prata;638.102.579-40;costelamaria-vitoria@example.net;23/09/2015
763;Vitor Jesus;CLT;EDD;17/01/1967;Sampaio;457.930.618-00;xbarbosa@example.com;28/06/2023
764;Anthony Pimenta;CLT;CCO;19/09/1987;Aparecida de Cassiano;172.365.408-62;leonardoramos@example.org;30/07/2013
765;Liz Brito;CLT;AND;23/03/1962;Castro dos Dourados;108.543.792-23;alana63@example.org;25/05/2021
766;Ana Laura Cunha;PJ;CDD;04/10/1982;Fonseca;075.862.394-10;ceciliacavalcante@example.net;26/01/2014
767;Augusto Pereira;PJ;AND;15/11/1971;das Neves do Sul;726.450.398-47;vinicius20@example.net;28/04/2024
768;João Pedro Oliveira;PJ;CDD;06/07/1978;Cunha da Serra;541.879.230-04;diegomarques@example.org;14/01/2019
769;Lunna Casa Grande;CLT;ANI;30/03/1998;Cunha de Aparecida;748.953.261-28;cassianoluiz-fernando@example.net;29/09/2022
770;Kamilly Marques;CLT;EDD;20/10/1988;Dias;687.149.023-03;montenegroluigi@example.com;16/08/2024
771;Benjamin Farias;CLT;ANC;23/06/1960;Machado;395.714.208-32;maria-laura37@example.org;22/06/2023
772;Ana Clara Ferreira;CLT;AND;15/11/1985;Fernandes;918.354.760-66;rezendeayla@example.org;26/09/2019
773;João Vitor Barbosa;PJ;ADD;05/02/1966;Sales da Mata;065.412.798-02;fernanda45@example.org;19/01/2020
774;Júlia Moreira;PJ;PDO;07/01/1972;Sá;517.480.692-76;vianamariana@example.net;30/10/2021
775;Leonardo Novais;PJ;CDD;21/05/1974;Câmara;863.427.051-35;jda-luz@example.com;06/07/2017
776;Maitê Andrade;CLT;EPC;02/04/1993;Carvalho;961.345.802-60;asousa@example.com;15/11/2020
777;Carolina Sales;CLT;AND;28/08/1974;Garcia;782.316.059-59;gporto@example.org;10/05/2010
778;Beatriz Fernandes;PJ;PDO;18/12/1991;Costa da Praia;841.975.302-50;emanuellapacheco@example.org;15/04/2020
779;Juan Sales;PJ;GRC;10/03/1968;Duarte da Praia;354.028.769-83;ggoncalves@example.net;05/09/2018
780;Bruno Lima;PJ;AQA;18/05/1969;Garcia do Amparo;863.012.495-42;hcavalcante@example.net;26/09/2021
781;Ravi Lucca Oliveira;PJ;PDO;27/01/1978;Silva;354.786.290-65;brendaaparecida@example.com;03/01/2014
782;Catarina da Cunha;PJ;DUX;29/11/1967;Pacheco;659.471.083-48;maria-helena87@example.org;13/09/2011
783;Camila Souza;CLT;EST;03/07/1985;Abreu;207.153.869-21;heloisa57@example.net;14/08/2015
784;Maria Laura Pereira;PJ;CDD;18/01/1998;Alves de da Mota;329.784.016-13;manuelamelo@example.com;16/07/2013
785;Laís Barbosa;CLT;EST;14/02/1987;Macedo;503.192.846-89;yvasconcelos@example.org;17/07/2011
786;Cauê Nunes;CLT;AQA;27/03/1968;Camargo;705.984.213-60;iduarte@example.org;22/01/2012
787;Stella Moura;PJ;ANC;25/11/1982;Correia do Galho;391.704.258-41;eduarda20@example.net;25/02/2013
788;Aurora da Paz;PJ;EPD;25/04/1960;Gonçalves;631.507.928-86;cfonseca@example.net;14/10/2016
789;Otávio Cavalcante;PJ;EDD;27/02/1991;Brito de Nunes;285.017.694-01;elisa15@example.com;16/11/2023
790;Yuri Sousa;CLT;GRC;04/10/1990;Duarte;304.698.572-00;zmontenegro@example.org;27/08/2013
791;João Lucas Mendes;CLT;EDD;03/04/1969;Guerra do Oeste;126.790.384-87;aliciaporto@example.net;27/09/2023
792;Stephany Costa;PJ;EDD;12/05/1999;Casa Grande da Mata;947.210.358-88;caldeiradom@example.org;27/04/2022
793;Evelyn Silveira;CLT;DUX;15/12/1965;Farias do Amparo;814.325.670-71;fda-mata@example.net;30/10/2018
794;Antonella da Mata;PJ;PDO;03/08/1961;da Rosa;823.604.791-13;sophieandrade@example.org;20/07/2019
795;Letícia da Cunha;PJ;AND;28/05/1972;Porto;290.143.786-96;moreirajoao-pedro@example.com;10/01/2014
796;Alexandre Casa Grande;CLT;CCY;24/02/1999;Moura;938.671.054-48;emanuellyporto@example.com;20/07/2022
797;Vicente Guerra;CLT;DUX;03/10/1989;Macedo do Oeste;836.124.905-24;ravyleao@example.net;08/08/2021
798;Bianca Guerra;CLT;ANF;02/08/1979;Macedo;170.823.594-97;costelaana@example.net;15/01/2024
799;Marcos Vinicius Brito;PJ;ANC;31/03/1986;Campos de Ferreira;572.489.061-58;ferreiralunna@example.net;04/11/2023
800;Isabela Borges;PJ;AND;23/03/1965;Rezende de Campos;706.918.453-01;migueljesus@example.com;06/11/2021
801;Joana Camargo;CLT;EDD;05/12/1986;Lopes;652.904.831-60;enzo-gabrielalmeida@example.com;22/06/2019
802;Brayan Machado;PJ;SCM;15/04/1969;Câmara de Goiás;234.795.086-00;julia18@example.org;08/02/2024
803;Isabela da Cunha;CLT;EPC;27/02/1984;Silveira de Rezende;947.385.620-29;sophie87@example.net;25/09/2019
804;Bianca Vasconcelos;CLT;ANF;22/01/1978;Rocha;541.607.398-57;qoliveira@example.org;15/05/2020
805;Nathan Novaes;CLT;AQA;06/04/1967;Aragão de Silveira;432.718.096-31;ncasa-grande@example.com;03/09/2018
806;Benicio Peixoto;PJ;ANF;19/12/1969;Ribeiro da Prata;507.634.192-06;rezendebenicio@example.org;10/09/2012
807;Heloísa Costa;CLT;EDD;18/05/1970;da Rosa;082.351.697-03;mborges@example.net;06/07/2016
808;Juan da Paz;CLT;EDD;18/11/1977;Costela de Cavalcante;589.643.172-46;mateusnogueira@example.org;29/10/2022
809;Carolina da Cruz;PJ;DUX;31/01/1972;Viana das Flores;609.217.345-06;laurasouza@example.org;01/04/2018
810;Bento das Neves;PJ;CDD;10/10/1981;Martins;506.471.392-43;kalmeida@example.org;02/03/2023
811;Yago Novaes;CLT;CCO;13/02/1960;Vieira;285.301.964-06;ocostela@example.net;21/12/2020
812;Ana Luiza Moreira;CLT;ANF;06/03/1980;Viana;468.931.702-03;bdas-neves@example.org;11/11/2015
813;Maria Isis Sousa;PJ;CCY;10/01/1997;Cardoso de Pires;190.876.425-20;pietro52@example.com;08/04/2022
814;Juliana da Cunha;CLT;DUX;06/01/1998;Aragão;854.063.127-07;vitor-gabrielcardoso@example.org;19/04/2022
815;Diogo Pereira;PJ;ADS;02/10/1984;Gomes de Santos;498.276.301-13;aleao@example.org;14/08/2014
816;Isis Brito;CLT;EDD;16/05/1963;Caldeira de Cunha;841.037.562-17;rodriguesleonardo@example.org;23/12/2018
817;Apollo Souza;CLT;CCO;23/06/1989;Viana;469.832.701-69;poliveira@example.net;31/07/2024
818;Pedro Pinto;PJ;AGC;22/03/1965;Guerra de Minas;132.506.748-26;joao-gabriel52@example.com;22/05/2023
819;Manuella Guerra;CLT;CCY;11/01/1978;Araújo da Serra;751.842.930-60;nascimentomanuela@example.net;20/12/2016
820;Isis da Luz;PJ;CCO;21/11/1992;Borges;365.147.298-19;maria-helena75@example.com;14/10/2020
821;Lara Cunha;CLT;ANC;14/03/1984;Siqueira;091.863.754-66;liamabreu@example.com;01/05/2013
822;Samuel Dias;CLT;ADS;08/01/1988;Sampaio Paulista;250.496.817-58;heloisabarbosa@example.org;26/02/2020
823;Isabela Moreira;PJ;CCY;26/02/1985;Jesus Grande;751.492.836-73;alicia35@example.com;19/08/2017
824;Cecilia Ferreira;PJ;ANC;01/08/1964;Moreira;496.178.530-00;alanamontenegro@example.org;21/04/2023
825;João Gabriel da Costa;PJ;AQA;06/02/1977;Oliveira;364.809.725-38;sampaiojoao-gabriel@example.org;20/03/2017
826;Heloisa Farias;CLT;PDO;24/08/1963;Jesus do Amparo;261.379.408-96;mariane08@example.com;26/05/2015
827;Vicente Rocha;CLT;CCO;30/10/1962;Brito;054.827.139-97;samuelda-rosa@example.net;15/04/2013
828;Caleb Silva;CLT;GRC;20/03/1978;Caldeira;754.126.398-28;pastorsara@example.org;22/05/2022
829;Ana Cecília Freitas;PJ;CCY;22/02/1980;Sales;157.603.982-02;lara81@example.com;07/05/2019
830;Kamilly Aparecida;CLT;AGC;29/04/1973;Machado;365.124.809-70;sofiagoncalves@example.com;13/08/2013
831;Thales Vargas;CLT;ANI;26/09/1980;Campos da Serra;987.503.461-48;dgarcia@example.org;18/05/2014
832;Joaquim da Cunha;PJ;EST;25/09/1996;Casa Grande de Jesus;072.165.948-94;melissasales@example.com;12/08/2017
833;Leandro da Conceição;PJ;PDO;17/04/1963;Rodrigues da Prata;817.462.095-85;yurisa@example.net;11/09/2019
834;Rodrigo Carvalho;PJ;PDO;23/03/1960;Pimenta do Sul;458.671.390-93;enrico23@example.net;09/09/2022
835;Luana Brito;PJ;CCY;12/11/1985;Machado de Cirino;392.580.476-56;jesusalana@example.com;30/09/2019
836;Clara Viana;CLT;SCM;16/08/1982;Silva de Sampaio;071.682.493-04;augusto17@example.org;25/05/2016
837;Ana Julia Borges;CLT;CCO;28/01/1963;Dias;958.603.241-89;wda-luz@example.com;23/04/2014
838;Aurora Novaes;PJ;AQA;18/08/1989;Cardoso;920.574.183-32;eloah63@example.com;06/10/2016
839;Henrique Machado;PJ;PDO;23/07/1970;da Mota;579.260.183-68;eduarda58@example.org;21/05/2011
840;Breno da Cruz;CLT;DUX;01/03/1970;Sampaio do Sul;162.308.459-89;hramos@example.net;07/03/2015
841;Maitê Rocha;CLT;ANF;01/02/1984;Carvalho de Vasconcelos;187.032.549-41;davi-lucas36@example.com;09/03/2022
842;Mateus Almeida;PJ;ADD;03/02/1992;Jesus das Pedras;254.036.871-90;ppimenta@example.org;02/01/2024
843;Ana Laura Fonseca;CLT;PDO;11/10/1965;da Mota do Norte;942.360.581-89;domabreu@example.com;04/09/2015
844;Eduarda Correia;CLT;EPD;23/06/1993;Santos do Oeste;570.628.194-76;isabellacostela@example.net;06/12/2016
845;Augusto Fernandes;PJ;ANC;26/02/1960;Siqueira das Flores;618.530.742-17;alana17@example.org;21/05/2010
846;Ágatha Barros;PJ;AGC;06/08/1979;Carvalho do Amparo;083.216.795-95;estermachado@example.net;08/12/2014
847;Mariane Cavalcanti;CLT;ANC;06/02/1988;Casa Grande;813.720.964-69;da-cunhaisabel@example.org;24/09/2016
848;Cecilia Porto;CLT;EPC;10/03/1983;Aragão;321.087.695-95;salescaue@example.com;05/11/2015
849;Catarina Sá;PJ;ANC;26/02/1967;da Cunha do Galho;462.315.709-16;arthur-miguelcastro@example.net;28/07/2016
850;Isis Ferreira;PJ;ANC;27/04/1966;Rocha Verde;583.921.064-15;duarteolivia@example.net;04/12/2022
851;Cauã Brito;CLT;EPC;16/03/1981;Carvalho;319.260.574-06;taragao@example.org;28/08/2010
852;Henry Leão;CLT;GRC;06/07/1997;da Paz;105.729.634-16;fogacamaria-helena@example.org;22/01/2018
853;Matheus Almeida;CLT;CDD;28/01/1999;Santos;620.581.739-02;arthur08@example.org;02/11/2016
854;Marcela Novaes;CLT;DUX;24/05/1983;Cavalcante Grande;826.950.741-58;fernandolopes@example.com;12/09/2012
855;Bárbara Moraes;PJ;PDO;26/02/1982;da Paz;251.430.678-71;helena56@example.org;08/02/2013
856;Lara Machado;CLT;CCO;01/12/1995;Novaes;309.851.472-88;moraesvinicius@example.org;18/05/2021
857;Rafael Cirino;CLT;EDD;20/05/1982;Araújo Verde;981.365.740-57;ayllaramos@example.org;24/09/2017
858;Daniela Fonseca;PJ;ADS;09/07/1992;Aragão de Dias;805.634.172-26;ana-liviasousa@example.net;18/11/2014
859;José da Conceição;PJ;ADD;01/05/1961;Abreu;298.476.301-78;alexiabrito@example.org;09/06/2020
860;Caroline das Neves;CLT;EST;16/11/1989;Fernandes do Galho;574.623.810-44;gael-henriquesampaio@example.org;27/06/2013
861;Henrique Aragão;CLT;AGC;08/10/1989;Garcia;479.605.183-00;da-rochajade@example.com;25/02/2013
862;Augusto Rocha;PJ;EST;19/12/1995;Sá Verde;582.619.340-98;maria-eduarda30@example.net;28/05/2015
863;Vitor Gabriel Santos;CLT;EDD;14/10/1982;Pimenta;208.497.136-50;manuela94@example.org;09/06/2017
864;Juliana Freitas;CLT;ADD;21/05/1988;Freitas;983.170.264-69;xnogueira@example.net;09/12/2017
865;Lorenzo Viana;CLT;EPD;21/10/1986;Sales do Campo;867.239.045-83;elisacaldeira@example.org;18/09/2011
866;Maria Cecília Cirino;PJ;ANF;28/12/1992;Sampaio da Prata;812.543.790-88;renan62@example.net;03/08/2023
867;Théo Campos;CLT;EDD;13/12/1978;Santos da Prata;502.731.698-40;thomas74@example.com;19/02/2017
868;Fernanda Cardoso;CLT;DUX;09/08/1964;Camargo;903.542.176-07;babreu@example.net;27/11/2019
869;Luiz Fernando da Luz;PJ;EST;07/07/1995;Santos;812.749.360-04;da-rosadiego@example.org;02/08/2013
870;Bruna Marques;CLT;ADD;02/06/1966;Lopes da Serra;024.156.879-01;xandrade@example.com;08/07/2018
871;Pietra da Luz;PJ;AQA;29/09/1971;Moura;716.934.580-39;bernardobrito@example.org;06/03/2016
872;Henry Gabriel Andrade;PJ;CCO;21/01/1999;Pimenta;857.139.264-19;almeidavitor-hugo@example.org;11/06/2016
873;Maria Alice Andrade;CLT;PDO;10/05/1995;Cirino;387.692.045-00;joao-guilhermeda-rosa@example.com;25/05/2012
874;Isaque Campos;PJ;AND;02/11/1963;da Rosa;365.419.208-42;vitor-gabriel27@example.com;29/03/2018
875;Léo Lopes;PJ;CCY;11/11/1961;Guerra do Oeste;376.920.851-02;lfernandes@example.org;09/10/2017
876;Sarah Sales;PJ;PDO;13/08/1978;Garcia;076.324.159-80;mendeslucas-gabriel@example.org;05/06/2021
877;Lucas Novaes;PJ;ANC;03/08/1980;Lima;835.027.419-05;bruno59@example.com;10/12/2019
878;Maria Sophia Monteiro;CLT;ANI;11/03/1998;Leão Grande;102.983.674-40;mendoncamateus@example.org;14/12/2023
879;Sarah Freitas;CLT;AGC;15/03/1979;Carvalho de Pereira;625.970.318-02;da-cunhaolivia@example.com;14/03/2021
880;Lucas Gabriel Siqueira;PJ;GRC;13/07/1972;Pires das Flores;342.109.867-04;maria-luisa32@example.com;25/08/2014
881;Davi Vargas;CLT;EST;14/03/1967;Cunha das Pedras;732.851.496-55;diasotto@example.net;11/01/2023
882;Nina Ramos;CLT;EST;13/02/1965;Caldeira Paulista;104.285.963-98;emanuelcirino@example.com;30/10/2020
883;Clarice Jesus;PJ;EST;26/12/1994;Cavalcante de Brito;936.415.208-51;luiz-felipevargas@example.com;07/10/2016
884;Stephany Rodrigues;PJ;AGC;15/11/1979;Rocha;759.836.120-77;rodrigoda-rosa@example.com;27/04/2016
885;Liam Jesus;PJ;AND;10/07/1992;Vieira;105.742.638-53;camila13@example.net;22/11/2015
886;Luiza Aparecida;CLT;AGC;02/07/1981;Carvalho;346.758.209-56;macedomatheus@example.com;19/08/2010
887;Juliana Guerra;PJ;ANI;20/10/1971;Vargas de Souza;601.457.893-57;fernandesalana@example.org;06/01/2016
888;Isadora Brito;CLT;AGC;18/04/1976;Gomes do Norte;019.537.468-10;pedro-miguelazevedo@example.com;19/12/2011
889;Bianca das Neves;CLT;GRC;28/04/1961;Montenegro;420.593.178-60;maria-alicesilva@example.com;06/08/2023
890;Bruno Duarte;CLT;GRC;19/04/1978;Nascimento;071.482.956-02;lunadias@example.org;14/12/2022
891;Larissa Pinto;PJ;PDO;15/10/1973;Sá;381.056.924-06;nascimentofrancisco@example.net;06/07/2023
892;Enzo Gabriel Guerra;PJ;ANF;29/12/1998;da Costa de Campos;269.185.340-33;dantemelo@example.com;27/09/2014
893;Dom Nascimento;CLT;GRC;15/01/1997;Rodrigues;430.958.721-60;oalmeida@example.net;25/11/2013
894;Alexia Montenegro;CLT;ANF;19/11/1978;da Conceição;167.482.953-19;maria-alicemonteiro@example.net;07/05/2011
895;Alexia Pimenta;PJ;EPC;18/03/1965;Leão;824.360.975-00;cribeiro@example.com;06/06/2015
896;Ísis Correia;CLT;CCY;27/04/1968;Gonçalves de Casa Grande;402.786.513-80;leooliveira@example.org;27/02/2013
897;Sophie Borges;PJ;EDD;05/11/1968;Brito Alegre;186.345.709-75;lnogueira@example.org;03/05/2023
898;Matheus da Mata;CLT;PDO;04/07/1972;Andrade;462.930.718-40;olivia08@example.org;28/02/2017
899;Giovanna Barros;CLT;AGC;05/04/1977;Sampaio do Galho;297.538.046-10;juliacamargo@example.net;03/06/2018
900;Maria Vitória da Cruz;CLT;AND;04/06/1997;Rios;387.956.240-74;ana-cecilia04@example.net;17/02/2017
901;Sophie Sampaio;CLT;EDD;21/04/1969;Lopes;976.415.820-01;tmendes@example.org;05/12/2015
902;Henry Cardoso;PJ;ANC;09/04/1990;Pinto Paulista;581.974.630-93;aragaomelina@example.org;17/04/2022
903;Laura da Mota;CLT;CDD;08/05/1984;Mendes;201.496.385-15;lara78@example.org;14/09/2019
904;Larissa da Luz;CLT;AQA;16/01/1978;Costa do Oeste;952.314.607-61;luizaalbuquerque@example.org;02/11/2011
905;Josué Sá;PJ;CCO;18/01/1970;da Rocha de Minas;359.640.217-43;theodorovargas@example.net;01/03/2013
906;Yago Vieira;CLT;EST;29/12/1964;Brito da Serra;109.638.547-39;scavalcante@example.net;08/07/2012
907;Kevin Cassiano;CLT;CCY;28/09/1964;Pimenta;326.458.970-29;paulo90@example.net;21/11/2015
908;Gabrielly Guerra;PJ;AQA;04/02/1996;Mendes;873.142.065-62;danielada-rocha@example.org;11/09/2022
909;Luana Lima;PJ;EPC;17/04/1989;Mendonça da Praia;352.497.681-64;estergomes@example.net;28/01/2016
910;Arthur Castro;PJ;CCO;01/10/1963;Lopes dos Dourados;657.931.480-00;tmendes@example.com;03/01/2013
911;Ana Liz Cavalcante;PJ;DUX;19/11/1993;Cavalcanti de Duarte;036.941.258-33;bryan19@example.net;30/09/2018
912;Ana Carolina Abreu;CLT;AQA;20/10/1986;da Mota de Rios;608.549.273-10;maria-luizadias@example.com;08/04/2023
913;Maria Marques;PJ;SCM;12/11/1998;Nascimento do Norte;941.752.386-46;joao-pedro59@example.net;23/01/2019
914;Noah Freitas;PJ;CCO;20/02/1971;Duarte do Sul;059.871.462-67;benicio20@example.com;29/03/2018
915;João Lucas Moura;CLT;CCO;28/12/1983;das Neves;874.953.012-79;yasmin96@example.com;04/03/2016
916;Lavínia Costa;CLT;EPC;27/04/1963;Fogaça de Montenegro;607.185.943-39;vianamarcos-vinicius@example.org;30/07/2024
917;Antonella Ribeiro;CLT;GRC;27/03/1975;Vargas das Pedras;193.628.754-46;josealbuquerque@example.org;18/08/2013
918;Bella Moreira;CLT;CDD;15/07/1969;Cavalcanti da Praia;734.916.580-39;bryan47@example.net;05/02/2023
919;Caleb Casa Grande;PJ;EPD;15/12/1983;Novais;165.208.743-53;salesana-vitoria@example.net;03/02/2024
920;Sophia Guerra;CLT;AGC;15/06/1999;Dias;716.298.405-30;nathan01@example.org;17/09/2013
921;Miguel Barbosa;PJ;CCY;21/10/1977;Rodrigues;417.820.365-71;imelo@example.com;13/01/2013
922;Maria Cecília da Luz;CLT;ANF;02/10/1991;Macedo;138.694.720-22;vianajoao-guilherme@example.net;17/11/2012
923;Leonardo Dias;PJ;CCY;02/05/1976;Cunha do Galho;316.054.972-07;ida-rosa@example.org;28/04/2012
924;Sara Carvalho;PJ;ADD;29/08/1986;Nunes;704.832.561-53;heloisamachado@example.net;08/03/2014
925;Bernardo Cassiano;PJ;AGC;11/01/1986;Porto;439.025.681-51;ana-julianovaes@example.com;11/06/2014
926;Lucas Cirino;PJ;EST;30/05/1976;Duarte de Cavalcante;410.523.768-35;jade21@example.org;24/01/2022
927;Arthur Gabriel Aragão;CLT;ANF;09/12/1967;Sampaio;843.627.095-92;stephanypires@example.org;11/10/2020
928;Maria da Conceição;CLT;ADS;30/05/1981;Campos;956.741.380-01;thomas29@example.org;28/11/2018
929;João Gabriel Martins;CLT;EST;23/09/1997;Lima;512.964.387-91;julia26@example.net;01/12/2016
930;Davi Lucca Sampaio;CLT;CDD;08/06/1968;Cavalcante Alegre;143.268.095-15;da-pazjuliana@example.net;12/07/2010
931;Maria Isis Cardoso;PJ;AGC;30/12/1973;da Mata;576.042.938-83;nviana@example.com;15/08/2016
932;Gustavo Rezende;CLT;ANF;17/11/1997;Marques de Pinto;279.081.645-01;albuquerquemirella@example.org;10/07/2018
933;Alice Pimenta;PJ;EST;21/12/1972;Azevedo;281.564.397-91;da-paznoah@example.org;29/07/2023
934;Liam Gonçalves;CLT;EDD;14/01/1960;Pereira Grande;321.490.658-51;esther38@example.com;03/05/2017
935;Raul Moraes;CLT;AQA;18/09/1984;das Neves;592.641.378-82;hellena56@example.org;24/07/2015
936;Lucas Lima;CLT;AQA;10/11/1971;Melo da Mata;374.029.185-05;evelyn63@example.org;14/05/2010
937;Bernardo Casa Grande;CLT;ADD;21/01/1979;Gonçalves da Mata;204.381.967-40;hellenaleao@example.net;21/10/2022
938;Marcos Vinicius Cunha;CLT;EPC;01/05/1970;Lima das Flores;265.943.708-47;eloamacedo@example.com;10/01/2023
939;Ana Peixoto;PJ;SCM;04/09/1991;da Cruz;640.153.729-99;ana-sophiapires@example.net;11/12/2010
940;Letícia da Rosa;PJ;ADS;01/02/1989;Brito Verde;653.274.908-74;aurora31@example.org;07/10/2018
941;Bernardo da Costa;PJ;EST;11/07/1970;Vieira Grande;138.025.497-32;ana-vitorialopes@example.org;26/09/2023
942;Leonardo Pimenta;PJ;ADS;02/01/1973;Casa Grande da Praia;183.054.267-26;marianemarques@example.com;15/06/2012
943;Heitor Sales;CLT;CCY;10/05/1968;Montenegro;270.148.396-40;alexiaandrade@example.com;04/03/2013
944;Vitória Cavalcante;PJ;PDO;05/10/1979;Almeida;104.583.976-01;joao-miguel76@example.net;09/08/2014
945;Kamilly Rocha;PJ;CCY;10/10/1962;da Paz;839.401.275-23;camargodavi@example.org;30/12/2010
946;Vinicius Silveira;PJ;SCM;28/12/1988;Moreira;743.812.950-05;caldeiraana-liz@example.com;04/04/2022
947;José Pedro Monteiro;PJ;GRC;13/07/1983;Silveira;623.145.879-28;levi14@example.org;14/12/2015
948;Nicole Cunha;CLT;EPC;29/05/1996;Sousa;953.842.760-29;emanuellyborges@example.net;13/01/2013
949;Maria Liz Oliveira;PJ;GRC;20/07/1977;Ferreira;415.397.082-41;enrico39@example.org;29/05/2024
950;Amanda Duarte;CLT;ANF;22/05/1987;Teixeira;123.760.485-08;duarteanthony-gabriel@example.net;08/05/2023
951;Laura Borges;PJ;EDD;13/09/1997;Duarte;719.230.465-43;fernandesayla@example.com;10/12/2013
952;Maria Isis Fogaça;CLT;ANI;13/08/1973;Silveira Grande;780.215.643-26;camargoandre@example.net;16/10/2013
953;Maria Laura da Rosa;CLT;PDO;16/07/1965;Pereira;486.213.975-28;moraesmaria-luisa@example.com;16/05/2014
954;Dom Viana;PJ;SCM;06/03/1972;Siqueira Grande;075.891.246-30;cpeixoto@example.com;23/08/2011
955;Isabelly Martins;CLT;CCY;23/06/1997;da Rocha;528.341.796-46;kevinalmeida@example.net;20/12/2017
956;Otto Jesus;PJ;GRC;28/07/1975;Silveira;439.625.871-28;tandrade@example.net;01/04/2023
957;Melissa Costa;CLT;ANF;11/06/1988;da Costa;516.297.803-59;da-conceicaomaria-sophia@example.net;01/03/2019
958;Nicole Ramos;PJ;DUX;05/06/1999;Montenegro do Galho;341.598.076-66;luiz-felipe36@example.org;17/09/2016
959;Ryan Nunes;PJ;CDD;23/09/1973;Garcia;264.853.091-60;stellamendes@example.org;15/12/2015
960;Diego Pastor;CLT;AGC;12/07/1979;Barbosa;395.180.467-00;joao-guilherme26@example.org;25/08/2016
